fan_count,title,cover_url,bvid,tags,archive_count,like_num,articles_average_likes,tname,link
0,,,BV1iN92YvEi1,,0,0,0.0,,https://www.bilibili.com/video/BV1iN92YvEi1
0,,,BV1iN92YeE5o,,0,0,0.0,,https://www.bilibili.com/video/BV1iN92YeE5o
0,,,BV1iN92YeEfx,,0,0,0.0,,https://www.bilibili.com/video/BV1iN92YeEfx
0,,,BV1oT92YAEDZ,,0,0,0.0,,https://www.bilibili.com/video/BV1oT92YAEDZ
0,,,BV1dN92YeEkT,,0,0,0.0,,https://www.bilibili.com/video/BV1dN92YeEkT
0,,,BV1qN92YeE6J,,0,0,0.0,,https://www.bilibili.com/video/BV1qN92YeE6J
0,,,BV1BN92YeEAY,,0,0,0.0,,https://www.bilibili.com/video/BV1BN92YeEAY
0,,,BV1iN92YeE5C,,0,0,0.0,,https://www.bilibili.com/video/BV1iN92YeE5C
0,,,BV1qN92YeEuj,,0,0,0.0,,https://www.bilibili.com/video/BV1qN92YeEuj
0,,,BV11S91YyEPC,,0,0,0.0,,https://www.bilibili.com/video/BV11S91YyEPC
0,,,BV1ZN92YeEmM,,0,0,0.0,,https://www.bilibili.com/video/BV1ZN92YeEmM
0,,,BV1qN92YeE6A,,0,0,0.0,,https://www.bilibili.com/video/BV1qN92YeE6A
0,,,BV1iN92YeE6r,,0,0,0.0,,https://www.bilibili.com/video/BV1iN92YeE6r
0,,,BV1oT92YAEyi,,0,0,0.0,,https://www.bilibili.com/video/BV1oT92YAEyi
0,,,BV1ZN92YeEuc,,0,0,0.0,,https://www.bilibili.com/video/BV1ZN92YeEuc
0,,,BV1qN92YeEc3,,0,0,0.0,,https://www.bilibili.com/video/BV1qN92YeEc3
0,,,BV1iN92YeEf2,,0,0,0.0,,https://www.bilibili.com/video/BV1iN92YeEf2
0,,,BV1qT92YAEL4,,0,0,0.0,,https://www.bilibili.com/video/BV1qT92YAEL4
0,,,BV1ZN92YeEu3,,0,0,0.0,,https://www.bilibili.com/video/BV1ZN92YeEu3
0,,,BV1dN92YeE21,,0,0,0.0,,https://www.bilibili.com/video/BV1dN92YeE21
0,,,BV1oT92YAEyi,,0,0,0.0,,https://www.bilibili.com/video/BV1oT92YAEyi
0,,,BV1ZN92YeEuc,,0,0,0.0,,https://www.bilibili.com/video/BV1ZN92YeEuc
0,,,BV1qN92YeEc3,,0,0,0.0,,https://www.bilibili.com/video/BV1qN92YeEc3
0,,,BV1iN92YeEf2,,0,0,0.0,,https://www.bilibili.com/video/BV1iN92YeEf2
0,,,BV1qT92YAEL4,,0,0,0.0,,https://www.bilibili.com/video/BV1qT92YAEL4
0,,,BV1ZN92YeEu3,,0,0,0.0,,https://www.bilibili.com/video/BV1ZN92YeEu3
0,,,BV1dN92YeE21,,0,0,0.0,,https://www.bilibili.com/video/BV1dN92YeE21
0,,,BV1oN92YeEzG,,0,0,0.0,,https://www.bilibili.com/video/BV1oN92YeEzG
0,,,BV1qN92YeERr,,0,0,0.0,,https://www.bilibili.com/video/BV1qN92YeERr
0,,,BV1qN92YeERS,,0,0,0.0,,https://www.bilibili.com/video/BV1qN92YeERS
0,,,BV1BN92YeEEg,,0,0,0.0,,https://www.bilibili.com/video/BV1BN92YeEEg
0,,,BV1BN92YeEuj,,0,0,0.0,,https://www.bilibili.com/video/BV1BN92YeEuj
0,,,BV1Da9CYEE8J,,0,0,0.0,,https://www.bilibili.com/video/BV1Da9CYEE8J
0,,,BV1CS91YyEJh,,0,0,0.0,,https://www.bilibili.com/video/BV1CS91YyEJh
0,,,BV1yQ91YVEkR,,0,0,0.0,,https://www.bilibili.com/video/BV1yQ91YVEkR
0,,,BV1vt9oYbEdr,,0,0,0.0,,https://www.bilibili.com/video/BV1vt9oYbEdr
0,,,BV1jN92YvE9x,,0,0,0.0,,https://www.bilibili.com/video/BV1jN92YvE9x
0,,,BV1dN92YeECa,,0,0,0.0,,https://www.bilibili.com/video/BV1dN92YeECa
0,,,BV1oN92YeEud,,0,0,0.0,,https://www.bilibili.com/video/BV1oN92YeEud
0,,,BV1iN92YeEVE,,0,0,0.0,,https://www.bilibili.com/video/BV1iN92YeEVE
0,,,BV1dN92YeE21,,0,0,0.0,,https://www.bilibili.com/video/BV1dN92YeE21
0,,,BV1oN92YeEzG,,0,0,0.0,,https://www.bilibili.com/video/BV1oN92YeEzG
0,,,BV1qN92YeERr,,0,0,0.0,,https://www.bilibili.com/video/BV1qN92YeERr
0,,,BV1qN92YeERS,,0,0,0.0,,https://www.bilibili.com/video/BV1qN92YeERS
0,,,BV1BN92YeEEg,,0,0,0.0,,https://www.bilibili.com/video/BV1BN92YeEEg
0,,,BV1BN92YeEuj,,0,0,0.0,,https://www.bilibili.com/video/BV1BN92YeEuj
0,,,BV1Da9CYEE8J,,0,0,0.0,,https://www.bilibili.com/video/BV1Da9CYEE8J
0,,,BV1CS91YyEJh,,0,0,0.0,,https://www.bilibili.com/video/BV1CS91YyEJh
0,,,BV1yQ91YVEkR,,0,0,0.0,,https://www.bilibili.com/video/BV1yQ91YVEkR
0,,,BV1vt9oYbEdr,,0,0,0.0,,https://www.bilibili.com/video/BV1vt9oYbEdr
0,,,BV1jN92YvE9x,,0,0,0.0,,https://www.bilibili.com/video/BV1jN92YvE9x
0,,,BV1dN92YeECa,,0,0,0.0,,https://www.bilibili.com/video/BV1dN92YeECa
0,,,BV1oN92YeEud,,0,0,0.0,,https://www.bilibili.com/video/BV1oN92YeEud
0,,,BV1iN92YeEVE,,0,0,0.0,,https://www.bilibili.com/video/BV1iN92YeEVE
0,,,BV1qN92YeEMj,,0,0,0.0,,https://www.bilibili.com/video/BV1qN92YeEMj
0,,,BV1qT92YAEpa,,0,0,0.0,,https://www.bilibili.com/video/BV1qT92YAEpa
0,,,BV11S91YyE7e,,0,0,0.0,,https://www.bilibili.com/video/BV11S91YyE7e
0,,,BV11U91YLEvT,,0,0,0.0,,https://www.bilibili.com/video/BV11U91YLEvT
0,,,BV1oN92YeEsy,,0,0,0.0,,https://www.bilibili.com/video/BV1oN92YeEsy
0,,,BV1BN92YeEAL,,0,0,0.0,,https://www.bilibili.com/video/BV1BN92YeEAL
0,,,BV1BN92YeEEg,,0,0,0.0,,https://www.bilibili.com/video/BV1BN92YeEEg
0,,,BV1BN92YeEuj,,0,0,0.0,,https://www.bilibili.com/video/BV1BN92YeEuj
0,,,BV1Da9CYEE8J,,0,0,0.0,,https://www.bilibili.com/video/BV1Da9CYEE8J
0,,,BV1CS91YyEJh,,0,0,0.0,,https://www.bilibili.com/video/BV1CS91YyEJh
0,,,BV1yQ91YVEkR,,0,0,0.0,,https://www.bilibili.com/video/BV1yQ91YVEkR
0,,,BV1vt9oYbEdr,,0,0,0.0,,https://www.bilibili.com/video/BV1vt9oYbEdr
0,,,BV1jN92YvE9x,,0,0,0.0,,https://www.bilibili.com/video/BV1jN92YvE9x
0,,,BV1dN92YeECa,,0,0,0.0,,https://www.bilibili.com/video/BV1dN92YeECa
0,,,BV1oN92YeEud,,0,0,0.0,,https://www.bilibili.com/video/BV1oN92YeEud
0,,,BV1iN92YeEVE,,0,0,0.0,,https://www.bilibili.com/video/BV1iN92YeEVE
0,,,BV1qN92YeEMj,,0,0,0.0,,https://www.bilibili.com/video/BV1qN92YeEMj
0,,,BV1qT92YAEpa,,0,0,0.0,,https://www.bilibili.com/video/BV1qT92YAEpa
0,,,BV11S91YyE7e,,0,0,0.0,,https://www.bilibili.com/video/BV11S91YyE7e
0,,,BV11U91YLEvT,,0,0,0.0,,https://www.bilibili.com/video/BV11U91YLEvT
0,,,BV1oN92YeEsy,,0,0,0.0,,https://www.bilibili.com/video/BV1oN92YeEsy
0,,,BV1BN92YeEAL,,0,0,0.0,,https://www.bilibili.com/video/BV1BN92YeEAL
0,,,BV1iN92YeEJa,,0,0,0.0,,https://www.bilibili.com/video/BV1iN92YeEJa
0,,,BV1iN92YeEkE,,0,0,0.0,,https://www.bilibili.com/video/BV1iN92YeEkE
0,,,BV1qN92YeEME,,0,0,0.0,,https://www.bilibili.com/video/BV1qN92YeEME
0,,,BV1qN92YeErS,,0,0,0.0,,https://www.bilibili.com/video/BV1qN92YeErS
0,,,BV1Da9CYEE8J,,0,0,0.0,,https://www.bilibili.com/video/BV1Da9CYEE8J
0,,,BV1CS91YyEJh,,0,0,0.0,,https://www.bilibili.com/video/BV1CS91YyEJh
0,,,BV1yQ91YVEkR,,0,0,0.0,,https://www.bilibili.com/video/BV1yQ91YVEkR
0,,,BV1vt9oYbEdr,,0,0,0.0,,https://www.bilibili.com/video/BV1vt9oYbEdr
0,,,BV1jN92YvE9x,,0,0,0.0,,https://www.bilibili.com/video/BV1jN92YvE9x
0,,,BV1dN92YeECa,,0,0,0.0,,https://www.bilibili.com/video/BV1dN92YeECa
0,,,BV1oN92YeEud,,0,0,0.0,,https://www.bilibili.com/video/BV1oN92YeEud
0,,,BV1iN92YeEVE,,0,0,0.0,,https://www.bilibili.com/video/BV1iN92YeEVE
0,,,BV1qN92YeEMj,,0,0,0.0,,https://www.bilibili.com/video/BV1qN92YeEMj
0,,,BV1qT92YAEpa,,0,0,0.0,,https://www.bilibili.com/video/BV1qT92YAEpa
0,,,BV11S91YyE7e,,0,0,0.0,,https://www.bilibili.com/video/BV11S91YyE7e
0,,,BV11U91YLEvT,,0,0,0.0,,https://www.bilibili.com/video/BV11U91YLEvT
0,,,BV1oN92YeEsy,,0,0,0.0,,https://www.bilibili.com/video/BV1oN92YeEsy
0,,,BV1BN92YeEAL,,0,0,0.0,,https://www.bilibili.com/video/BV1BN92YeEAL
0,,,BV1iN92YeEJa,,0,0,0.0,,https://www.bilibili.com/video/BV1iN92YeEJa
0,,,BV1iN92YeEkE,,0,0,0.0,,https://www.bilibili.com/video/BV1iN92YeEkE
0,,,BV1qN92YeEME,,0,0,0.0,,https://www.bilibili.com/video/BV1qN92YeEME
0,,,BV1qN92YeErS,,0,0,0.0,,https://www.bilibili.com/video/BV1qN92YeErS
0,,,BV1iN92YeEuZ,,0,0,0.0,,https://www.bilibili.com/video/BV1iN92YeEuZ
0,,,BV1vT92YAEW6,,0,0,0.0,,https://www.bilibili.com/video/BV1vT92YAEW6
0,,,BV1vt9oYbEdr,,0,0,0.0,,https://www.bilibili.com/video/BV1vt9oYbEdr
0,,,BV1jN92YvE9x,,0,0,0.0,,https://www.bilibili.com/video/BV1jN92YvE9x
0,,,BV1dN92YeECa,,0,0,0.0,,https://www.bilibili.com/video/BV1dN92YeECa
0,,,BV1oN92YeEud,,0,0,0.0,,https://www.bilibili.com/video/BV1oN92YeEud
0,,,BV1iN92YeEVE,,0,0,0.0,,https://www.bilibili.com/video/BV1iN92YeEVE
0,,,BV1qN92YeEMj,,0,0,0.0,,https://www.bilibili.com/video/BV1qN92YeEMj
0,,,BV1qT92YAEpa,,0,0,0.0,,https://www.bilibili.com/video/BV1qT92YAEpa
0,,,BV11S91YyE7e,,0,0,0.0,,https://www.bilibili.com/video/BV11S91YyE7e
0,,,BV11U91YLEvT,,0,0,0.0,,https://www.bilibili.com/video/BV11U91YLEvT
0,,,BV1oN92YeEsy,,0,0,0.0,,https://www.bilibili.com/video/BV1oN92YeEsy
0,,,BV1BN92YeEAL,,0,0,0.0,,https://www.bilibili.com/video/BV1BN92YeEAL
0,,,BV1iN92YeEJa,,0,0,0.0,,https://www.bilibili.com/video/BV1iN92YeEJa
0,,,BV1iN92YeEkE,,0,0,0.0,,https://www.bilibili.com/video/BV1iN92YeEkE
0,,,BV1qN92YeEME,,0,0,0.0,,https://www.bilibili.com/video/BV1qN92YeEME
0,,,BV1qN92YeErS,,0,0,0.0,,https://www.bilibili.com/video/BV1qN92YeErS
0,,,BV1iN92YeEuZ,,0,0,0.0,,https://www.bilibili.com/video/BV1iN92YeEuZ
0,,,BV1vT92YAEW6,,0,0,0.0,,https://www.bilibili.com/video/BV1vT92YAEW6
0,,,BV1BN92YeEMz,,0,0,0.0,,https://www.bilibili.com/video/BV1BN92YeEMz
0,,,BV1iN92YeEJy,,0,0,0.0,,https://www.bilibili.com/video/BV1iN92YeEJy
0,,,BV1qN92YeEMJ,,0,0,0.0,,https://www.bilibili.com/video/BV1qN92YeEMJ
0,,,BV1oN92YeEud,,0,0,0.0,,https://www.bilibili.com/video/BV1oN92YeEud
0,,,BV1iN92YeEVE,,0,0,0.0,,https://www.bilibili.com/video/BV1iN92YeEVE
0,,,BV1qN92YeEMj,,0,0,0.0,,https://www.bilibili.com/video/BV1qN92YeEMj
0,,,BV1qT92YAEpa,,0,0,0.0,,https://www.bilibili.com/video/BV1qT92YAEpa
0,,,BV11S91YyE7e,,0,0,0.0,,https://www.bilibili.com/video/BV11S91YyE7e
0,,,BV11U91YLEvT,,0,0,0.0,,https://www.bilibili.com/video/BV11U91YLEvT
0,,,BV1oN92YeEsy,,0,0,0.0,,https://www.bilibili.com/video/BV1oN92YeEsy
0,,,BV1BN92YeEAL,,0,0,0.0,,https://www.bilibili.com/video/BV1BN92YeEAL
0,,,BV1iN92YeEJa,,0,0,0.0,,https://www.bilibili.com/video/BV1iN92YeEJa
0,,,BV1iN92YeEkE,,0,0,0.0,,https://www.bilibili.com/video/BV1iN92YeEkE
0,,,BV1qN92YeEME,,0,0,0.0,,https://www.bilibili.com/video/BV1qN92YeEME
0,,,BV1qN92YeErS,,0,0,0.0,,https://www.bilibili.com/video/BV1qN92YeErS
0,,,BV1iN92YeEuZ,,0,0,0.0,,https://www.bilibili.com/video/BV1iN92YeEuZ
0,,,BV1vT92YAEW6,,0,0,0.0,,https://www.bilibili.com/video/BV1vT92YAEW6
0,,,BV1BN92YeEMz,,0,0,0.0,,https://www.bilibili.com/video/BV1BN92YeEMz
0,,,BV1iN92YeEJy,,0,0,0.0,,https://www.bilibili.com/video/BV1iN92YeEJy
0,,,BV1qN92YeEMJ,,0,0,0.0,,https://www.bilibili.com/video/BV1qN92YeEMJ
0,,,BV1qT92YAEEH,,0,0,0.0,,https://www.bilibili.com/video/BV1qT92YAEEH
0,,,BV1BN92YeEFW,,0,0,0.0,,https://www.bilibili.com/video/BV1BN92YeEFW
0,,,BV1qN92YeESG,,0,0,0.0,,https://www.bilibili.com/video/BV1qN92YeESG
0,,,BV1qN92YeEMj,,0,0,0.0,,https://www.bilibili.com/video/BV1qN92YeEMj
0,,,BV1qT92YAEpa,,0,0,0.0,,https://www.bilibili.com/video/BV1qT92YAEpa
0,,,BV11S91YyE7e,,0,0,0.0,,https://www.bilibili.com/video/BV11S91YyE7e
0,,,BV11U91YLEvT,,0,0,0.0,,https://www.bilibili.com/video/BV11U91YLEvT
0,,,BV1oN92YeEsy,,0,0,0.0,,https://www.bilibili.com/video/BV1oN92YeEsy
0,,,BV1BN92YeEAL,,0,0,0.0,,https://www.bilibili.com/video/BV1BN92YeEAL
0,,,BV1iN92YeEJa,,0,0,0.0,,https://www.bilibili.com/video/BV1iN92YeEJa
0,,,BV1iN92YeEkE,,0,0,0.0,,https://www.bilibili.com/video/BV1iN92YeEkE
0,,,BV1qN92YeEME,,0,0,0.0,,https://www.bilibili.com/video/BV1qN92YeEME
0,,,BV1qN92YeErS,,0,0,0.0,,https://www.bilibili.com/video/BV1qN92YeErS
0,,,BV1iN92YeEuZ,,0,0,0.0,,https://www.bilibili.com/video/BV1iN92YeEuZ
0,,,BV1vT92YAEW6,,0,0,0.0,,https://www.bilibili.com/video/BV1vT92YAEW6
0,,,BV1BN92YeEMz,,0,0,0.0,,https://www.bilibili.com/video/BV1BN92YeEMz
0,,,BV1iN92YeEJy,,0,0,0.0,,https://www.bilibili.com/video/BV1iN92YeEJy
0,,,BV1qN92YeEMJ,,0,0,0.0,,https://www.bilibili.com/video/BV1qN92YeEMJ
0,,,BV1qT92YAEEH,,0,0,0.0,,https://www.bilibili.com/video/BV1qT92YAEEH
0,,,BV1BN92YeEFW,,0,0,0.0,,https://www.bilibili.com/video/BV1BN92YeEFW
0,,,BV1qN92YeESG,,0,0,0.0,,https://www.bilibili.com/video/BV1qN92YeESG
0,,,BV1iN92YeEVh,,0,0,0.0,,https://www.bilibili.com/video/BV1iN92YeEVh
0,,,BV1qT92YAETE,,0,0,0.0,,https://www.bilibili.com/video/BV1qT92YAETE
0,,,BV1qT92YAEpa,,0,0,0.0,,https://www.bilibili.com/video/BV1qT92YAEpa
0,,,BV11S91YyE7e,,0,0,0.0,,https://www.bilibili.com/video/BV11S91YyE7e
0,,,BV11U91YLEvT,,0,0,0.0,,https://www.bilibili.com/video/BV11U91YLEvT
0,,,BV1oN92YeEsy,,0,0,0.0,,https://www.bilibili.com/video/BV1oN92YeEsy
0,,,BV1BN92YeEAL,,0,0,0.0,,https://www.bilibili.com/video/BV1BN92YeEAL
0,,,BV1iN92YeEJa,,0,0,0.0,,https://www.bilibili.com/video/BV1iN92YeEJa
0,,,BV1iN92YeEkE,,0,0,0.0,,https://www.bilibili.com/video/BV1iN92YeEkE
0,,,BV1qN92YeEME,,0,0,0.0,,https://www.bilibili.com/video/BV1qN92YeEME
0,,,BV1qN92YeErS,,0,0,0.0,,https://www.bilibili.com/video/BV1qN92YeErS
0,,,BV1iN92YeEuZ,,0,0,0.0,,https://www.bilibili.com/video/BV1iN92YeEuZ
0,,,BV1vT92YAEW6,,0,0,0.0,,https://www.bilibili.com/video/BV1vT92YAEW6
0,,,BV1BN92YeEMz,,0,0,0.0,,https://www.bilibili.com/video/BV1BN92YeEMz
0,,,BV1iN92YeEJy,,0,0,0.0,,https://www.bilibili.com/video/BV1iN92YeEJy
0,,,BV1qN92YeEMJ,,0,0,0.0,,https://www.bilibili.com/video/BV1qN92YeEMJ
0,,,BV1qT92YAEEH,,0,0,0.0,,https://www.bilibili.com/video/BV1qT92YAEEH
0,,,BV1BN92YeEFW,,0,0,0.0,,https://www.bilibili.com/video/BV1BN92YeEFW
0,,,BV1qN92YeESG,,0,0,0.0,,https://www.bilibili.com/video/BV1qN92YeESG
0,,,BV1iN92YeEVh,,0,0,0.0,,https://www.bilibili.com/video/BV1iN92YeEVh
0,,,BV1qT92YAETE,,0,0,0.0,,https://www.bilibili.com/video/BV1qT92YAETE
0,,,BV1oN92YeEbe,,0,0,0.0,,https://www.bilibili.com/video/BV1oN92YeEbe
0,,,BV1qT92YAETE,,0,0,0.0,,https://www.bilibili.com/video/BV1qT92YAETE
0,,,BV1oN92YeEbe,,0,0,0.0,,https://www.bilibili.com/video/BV1oN92YeEbe
0,,,BV1qN92YeErD,,0,0,0.0,,https://www.bilibili.com/video/BV1qN92YeErD
0,,,BV1qN92YeEkM,,0,0,0.0,,https://www.bilibili.com/video/BV1qN92YeEkM
0,,,BV1BN92YeEEE,,0,0,0.0,,https://www.bilibili.com/video/BV1BN92YeEEE
0,,,BV1iN92YeE4m,,0,0,0.0,,https://www.bilibili.com/video/BV1iN92YeE4m
0,,,BV1iN92YeErc,,0,0,0.0,,https://www.bilibili.com/video/BV1iN92YeErc
0,,,BV1iN92YeEf6,,0,0,0.0,,https://www.bilibili.com/video/BV1iN92YeEf6
0,,,BV1qN92YeEcw,,0,0,0.0,,https://www.bilibili.com/video/BV1qN92YeEcw
0,,,BV1vT92YAEWm,,0,0,0.0,,https://www.bilibili.com/video/BV1vT92YAEWm
0,,,BV1vT92YAEYK,,0,0,0.0,,https://www.bilibili.com/video/BV1vT92YAEYK
0,,,BV1BN92YeETZ,,0,0,0.0,,https://www.bilibili.com/video/BV1BN92YeETZ
0,,,BV1BN92YeEur,,0,0,0.0,,https://www.bilibili.com/video/BV1BN92YeEur
0,,,BV1AS91Y1EmR,,0,0,0.0,,https://www.bilibili.com/video/BV1AS91Y1EmR
0,,,BV1iN92YvE67,,0,0,0.0,,https://www.bilibili.com/video/BV1iN92YvE67
0,,,BV1dN92YeEk8,,0,0,0.0,,https://www.bilibili.com/video/BV1dN92YeEk8
0,,,BV1qN92YeEdH,,0,0,0.0,,https://www.bilibili.com/video/BV1qN92YeEdH
0,,,BV1qN92YeESn,,0,0,0.0,,https://www.bilibili.com/video/BV1qN92YeESn
0,,,BV1qN92YeE6E,,0,0,0.0,,https://www.bilibili.com/video/BV1qN92YeE6E
0,,,BV1BN92YeEAp,,0,0,0.0,,https://www.bilibili.com/video/BV1BN92YeEAp
0,,,BV1qN92YeErD,,0,0,0.0,,https://www.bilibili.com/video/BV1qN92YeErD
0,,,BV1qN92YeEkM,,0,0,0.0,,https://www.bilibili.com/video/BV1qN92YeEkM
0,,,BV1BN92YeEEE,,0,0,0.0,,https://www.bilibili.com/video/BV1BN92YeEEE
0,,,BV1iN92YeE4m,,0,0,0.0,,https://www.bilibili.com/video/BV1iN92YeE4m
0,,,BV1iN92YeErc,,0,0,0.0,,https://www.bilibili.com/video/BV1iN92YeErc
0,,,BV1iN92YeEf6,,0,0,0.0,,https://www.bilibili.com/video/BV1iN92YeEf6
0,,,BV1qN92YeEcw,,0,0,0.0,,https://www.bilibili.com/video/BV1qN92YeEcw
0,,,BV1vT92YAEWm,,0,0,0.0,,https://www.bilibili.com/video/BV1vT92YAEWm
0,,,BV1vT92YAEYK,,0,0,0.0,,https://www.bilibili.com/video/BV1vT92YAEYK
0,,,BV1BN92YeETZ,,0,0,0.0,,https://www.bilibili.com/video/BV1BN92YeETZ
0,,,BV1BN92YeEur,,0,0,0.0,,https://www.bilibili.com/video/BV1BN92YeEur
0,,,BV1AS91Y1EmR,,0,0,0.0,,https://www.bilibili.com/video/BV1AS91Y1EmR
0,,,BV1iN92YvE67,,0,0,0.0,,https://www.bilibili.com/video/BV1iN92YvE67
0,,,BV1dN92YeEk8,,0,0,0.0,,https://www.bilibili.com/video/BV1dN92YeEk8
0,,,BV1qN92YeEdH,,0,0,0.0,,https://www.bilibili.com/video/BV1qN92YeEdH
0,,,BV1qN92YeESn,,0,0,0.0,,https://www.bilibili.com/video/BV1qN92YeESn
0,,,BV1qN92YeE6E,,0,0,0.0,,https://www.bilibili.com/video/BV1qN92YeE6E
0,,,BV1BN92YeEAp,,0,0,0.0,,https://www.bilibili.com/video/BV1BN92YeEAp
0,,,BV1iN92YeEEP,,0,0,0.0,,https://www.bilibili.com/video/BV1iN92YeEEP
0,,,BV1iN92YeERg,,0,0,0.0,,https://www.bilibili.com/video/BV1iN92YeERg
0,,,BV1oN92YeEbe,,0,0,0.0,,https://www.bilibili.com/video/BV1oN92YeEbe
0,,,BV1qN92YeErD,,0,0,0.0,,https://www.bilibili.com/video/BV1qN92YeErD
0,,,BV1qN92YeEkM,,0,0,0.0,,https://www.bilibili.com/video/BV1qN92YeEkM
0,,,BV1BN92YeEEE,,0,0,0.0,,https://www.bilibili.com/video/BV1BN92YeEEE
0,,,BV1iN92YeE4m,,0,0,0.0,,https://www.bilibili.com/video/BV1iN92YeE4m
0,,,BV1iN92YeErc,,0,0,0.0,,https://www.bilibili.com/video/BV1iN92YeErc
0,,,BV1iN92YeEf6,,0,0,0.0,,https://www.bilibili.com/video/BV1iN92YeEf6
0,,,BV1qN92YeEcw,,0,0,0.0,,https://www.bilibili.com/video/BV1qN92YeEcw
0,,,BV1vT92YAEWm,,0,0,0.0,,https://www.bilibili.com/video/BV1vT92YAEWm
0,,,BV1vT92YAEYK,,0,0,0.0,,https://www.bilibili.com/video/BV1vT92YAEYK
0,,,BV1BN92YeETZ,,0,0,0.0,,https://www.bilibili.com/video/BV1BN92YeETZ
0,,,BV1BN92YeEur,,0,0,0.0,,https://www.bilibili.com/video/BV1BN92YeEur
0,,,BV1AS91Y1EmR,,0,0,0.0,,https://www.bilibili.com/video/BV1AS91Y1EmR
0,,,BV1iN92YvE67,,0,0,0.0,,https://www.bilibili.com/video/BV1iN92YvE67
0,,,BV1dN92YeEk8,,0,0,0.0,,https://www.bilibili.com/video/BV1dN92YeEk8
0,,,BV1qN92YeEdH,,0,0,0.0,,https://www.bilibili.com/video/BV1qN92YeEdH
0,,,BV1qN92YeESn,,0,0,0.0,,https://www.bilibili.com/video/BV1qN92YeESn
0,,,BV1qN92YeE6E,,0,0,0.0,,https://www.bilibili.com/video/BV1qN92YeE6E
0,,,BV1BN92YeEAp,,0,0,0.0,,https://www.bilibili.com/video/BV1BN92YeEAp
0,,,BV1iN92YeEEP,,0,0,0.0,,https://www.bilibili.com/video/BV1iN92YeEEP
0,,,BV1iN92YeErc,,0,0,0.0,,https://www.bilibili.com/video/BV1iN92YeErc
0,,,BV1iN92YeEf6,,0,0,0.0,,https://www.bilibili.com/video/BV1iN92YeEf6
0,,,BV1qN92YeEcw,,0,0,0.0,,https://www.bilibili.com/video/BV1qN92YeEcw
0,,,BV1vT92YAEWm,,0,0,0.0,,https://www.bilibili.com/video/BV1vT92YAEWm
0,,,BV1vT92YAEYK,,0,0,0.0,,https://www.bilibili.com/video/BV1vT92YAEYK
0,,,BV1BN92YeETZ,,0,0,0.0,,https://www.bilibili.com/video/BV1BN92YeETZ
0,,,BV1BN92YeEur,,0,0,0.0,,https://www.bilibili.com/video/BV1BN92YeEur
0,,,BV1AS91Y1EmR,,0,0,0.0,,https://www.bilibili.com/video/BV1AS91Y1EmR
0,,,BV1iN92YvE67,,0,0,0.0,,https://www.bilibili.com/video/BV1iN92YvE67
0,,,BV1dN92YeEk8,,0,0,0.0,,https://www.bilibili.com/video/BV1dN92YeEk8
0,,,BV1qN92YeEdH,,0,0,0.0,,https://www.bilibili.com/video/BV1qN92YeEdH
0,,,BV1qN92YeESn,,0,0,0.0,,https://www.bilibili.com/video/BV1qN92YeESn
0,,,BV1qN92YeE6E,,0,0,0.0,,https://www.bilibili.com/video/BV1qN92YeE6E
0,,,BV1BN92YeEAp,,0,0,0.0,,https://www.bilibili.com/video/BV1BN92YeEAp
0,,,BV1iN92YeEEP,,0,0,0.0,,https://www.bilibili.com/video/BV1iN92YeEEP
0,,,BV1iN92YeERg,,0,0,0.0,,https://www.bilibili.com/video/BV1iN92YeERg
0,,,BV1qT92YAEiv,,0,0,0.0,,https://www.bilibili.com/video/BV1qT92YAEiv
0,,,BV1CS91YyEtD,,0,0,0.0,,https://www.bilibili.com/video/BV1CS91YyEtD
0,,,BV1dN92YeEZg,,0,0,0.0,,https://www.bilibili.com/video/BV1dN92YeEZg
0,,,BV1qN92YeED2,,0,0,0.0,,https://www.bilibili.com/video/BV1qN92YeED2
0,,,BV1BN92YeEEE,,0,0,0.0,,https://www.bilibili.com/video/BV1BN92YeEEE
0,,,BV1iN92YeE4m,,0,0,0.0,,https://www.bilibili.com/video/BV1iN92YeE4m
0,,,BV1iN92YeErc,,0,0,0.0,,https://www.bilibili.com/video/BV1iN92YeErc
0,,,BV1iN92YeEf6,,0,0,0.0,,https://www.bilibili.com/video/BV1iN92YeEf6
0,,,BV1qN92YeEcw,,0,0,0.0,,https://www.bilibili.com/video/BV1qN92YeEcw
0,,,BV1vT92YAEWm,,0,0,0.0,,https://www.bilibili.com/video/BV1vT92YAEWm
0,,,BV1vT92YAEYK,,0,0,0.0,,https://www.bilibili.com/video/BV1vT92YAEYK
0,,,BV1BN92YeETZ,,0,0,0.0,,https://www.bilibili.com/video/BV1BN92YeETZ
0,,,BV1BN92YeEur,,0,0,0.0,,https://www.bilibili.com/video/BV1BN92YeEur
0,,,BV1AS91Y1EmR,,0,0,0.0,,https://www.bilibili.com/video/BV1AS91Y1EmR
0,,,BV1iN92YvE67,,0,0,0.0,,https://www.bilibili.com/video/BV1iN92YvE67
0,,,BV1dN92YeEk8,,0,0,0.0,,https://www.bilibili.com/video/BV1dN92YeEk8
0,,,BV1qN92YeEdH,,0,0,0.0,,https://www.bilibili.com/video/BV1qN92YeEdH
0,,,BV1qN92YeESn,,0,0,0.0,,https://www.bilibili.com/video/BV1qN92YeESn
0,,,BV1qN92YeE6E,,0,0,0.0,,https://www.bilibili.com/video/BV1qN92YeE6E
0,,,BV1BN92YeEAp,,0,0,0.0,,https://www.bilibili.com/video/BV1BN92YeEAp
0,,,BV1iN92YeEEP,,0,0,0.0,,https://www.bilibili.com/video/BV1iN92YeEEP
0,,,BV1iN92YeERg,,0,0,0.0,,https://www.bilibili.com/video/BV1iN92YeERg
0,,,BV1qT92YAEiv,,0,0,0.0,,https://www.bilibili.com/video/BV1qT92YAEiv
0,,,BV1CS91YyEtD,,0,0,0.0,,https://www.bilibili.com/video/BV1CS91YyEtD
0,,,BV1qT92YAEEH,,0,0,0.0,,https://www.bilibili.com/video/BV1qT92YAEEH
0,,,BV1BN92YeEFW,,0,0,0.0,,https://www.bilibili.com/video/BV1BN92YeEFW
0,,,BV1qN92YeESG,,0,0,0.0,,https://www.bilibili.com/video/BV1qN92YeESG
0,,,BV1iN92YeEVh,,0,0,0.0,,https://www.bilibili.com/video/BV1iN92YeEVh
0,,,BV1qT92YAETE,,0,0,0.0,,https://www.bilibili.com/video/BV1qT92YAETE
0,,,BV1oN92YeEbe,,0,0,0.0,,https://www.bilibili.com/video/BV1oN92YeEbe
0,,,BV1qN92YeErD,,0,0,0.0,,https://www.bilibili.com/video/BV1qN92YeErD
0,,,BV1qN92YeEkM,,0,0,0.0,,https://www.bilibili.com/video/BV1qN92YeEkM
0,,,BV1BN92YeEEE,,0,0,0.0,,https://www.bilibili.com/video/BV1BN92YeEEE
0,,,BV1iN92YeE4m,,0,0,0.0,,https://www.bilibili.com/video/BV1iN92YeE4m
0,,,BV1iN92YeErc,,0,0,0.0,,https://www.bilibili.com/video/BV1iN92YeErc
0,,,BV1iN92YeEf6,,0,0,0.0,,https://www.bilibili.com/video/BV1iN92YeEf6
0,,,BV1qN92YeEcw,,0,0,0.0,,https://www.bilibili.com/video/BV1qN92YeEcw
0,,,BV1vT92YAEWm,,0,0,0.0,,https://www.bilibili.com/video/BV1vT92YAEWm
0,,,BV1vT92YAEYK,,0,0,0.0,,https://www.bilibili.com/video/BV1vT92YAEYK
0,,,BV1BN92YeETZ,,0,0,0.0,,https://www.bilibili.com/video/BV1BN92YeETZ
0,,,BV1BN92YeEur,,0,0,0.0,,https://www.bilibili.com/video/BV1BN92YeEur
0,,,BV1AS91Y1EmR,,0,0,0.0,,https://www.bilibili.com/video/BV1AS91Y1EmR
0,,,BV1iN92YvE67,,0,0,0.0,,https://www.bilibili.com/video/BV1iN92YvE67
0,,,BV1dN92YeEk8,,0,0,0.0,,https://www.bilibili.com/video/BV1dN92YeEk8
0,,,BV1oN92YeEbe,,0,0,0.0,,https://www.bilibili.com/video/BV1oN92YeEbe
0,,,BV1qN92YeErD,,0,0,0.0,,https://www.bilibili.com/video/BV1qN92YeErD
0,,,BV1qN92YeEkM,,0,0,0.0,,https://www.bilibili.com/video/BV1qN92YeEkM
0,,,BV1BN92YeEEE,,0,0,0.0,,https://www.bilibili.com/video/BV1BN92YeEEE
0,,,BV1iN92YeE4m,,0,0,0.0,,https://www.bilibili.com/video/BV1iN92YeE4m
0,,,BV1iN92YeErc,,0,0,0.0,,https://www.bilibili.com/video/BV1iN92YeErc
0,,,BV1iN92YeEf6,,0,0,0.0,,https://www.bilibili.com/video/BV1iN92YeEf6
0,,,BV1qN92YeEcw,,0,0,0.0,,https://www.bilibili.com/video/BV1qN92YeEcw
0,,,BV1vT92YAEWm,,0,0,0.0,,https://www.bilibili.com/video/BV1vT92YAEWm
0,,,BV1vT92YAEYK,,0,0,0.0,,https://www.bilibili.com/video/BV1vT92YAEYK
0,,,BV1BN92YeETZ,,0,0,0.0,,https://www.bilibili.com/video/BV1BN92YeETZ
0,,,BV1BN92YeEur,,0,0,0.0,,https://www.bilibili.com/video/BV1BN92YeEur
0,,,BV1AS91Y1EmR,,0,0,0.0,,https://www.bilibili.com/video/BV1AS91Y1EmR
0,,,BV1iN92YvE67,,0,0,0.0,,https://www.bilibili.com/video/BV1iN92YvE67
0,,,BV1dN92YeEk8,,0,0,0.0,,https://www.bilibili.com/video/BV1dN92YeEk8
0,,,BV1qN92YeEdH,,0,0,0.0,,https://www.bilibili.com/video/BV1qN92YeEdH
0,,,BV1qN92YeESn,,0,0,0.0,,https://www.bilibili.com/video/BV1qN92YeESn
0,,,BV1qN92YeE6E,,0,0,0.0,,https://www.bilibili.com/video/BV1qN92YeE6E
0,,,BV1BN92YeEAp,,0,0,0.0,,https://www.bilibili.com/video/BV1BN92YeEAp
0,,,BV1iN92YeEEP,,0,0,0.0,,https://www.bilibili.com/video/BV1iN92YeEEP
0,,,BV1vT92YAEW6,,0,0,0.0,,https://www.bilibili.com/video/BV1vT92YAEW6
0,,,BV1BN92YeEMz,,0,0,0.0,,https://www.bilibili.com/video/BV1BN92YeEMz
0,,,BV1iN92YeEJy,,0,0,0.0,,https://www.bilibili.com/video/BV1iN92YeEJy
0,,,BV1qN92YeEMJ,,0,0,0.0,,https://www.bilibili.com/video/BV1qN92YeEMJ
0,,,BV1qT92YAEEH,,0,0,0.0,,https://www.bilibili.com/video/BV1qT92YAEEH
0,,,BV1BN92YeEFW,,0,0,0.0,,https://www.bilibili.com/video/BV1BN92YeEFW
0,,,BV1qN92YeESG,,0,0,0.0,,https://www.bilibili.com/video/BV1qN92YeESG
0,,,BV1iN92YeEVh,,0,0,0.0,,https://www.bilibili.com/video/BV1iN92YeEVh
0,,,BV1qT92YAETE,,0,0,0.0,,https://www.bilibili.com/video/BV1qT92YAETE
0,,,BV1oN92YeEbe,,0,0,0.0,,https://www.bilibili.com/video/BV1oN92YeEbe
0,,,BV1qN92YeErD,,0,0,0.0,,https://www.bilibili.com/video/BV1qN92YeErD
0,,,BV1qN92YeEkM,,0,0,0.0,,https://www.bilibili.com/video/BV1qN92YeEkM
0,,,BV1BN92YeEEE,,0,0,0.0,,https://www.bilibili.com/video/BV1BN92YeEEE
0,,,BV1iN92YeE4m,,0,0,0.0,,https://www.bilibili.com/video/BV1iN92YeE4m
0,,,BV1iN92YeErc,,0,0,0.0,,https://www.bilibili.com/video/BV1iN92YeErc
0,,,BV1iN92YeEf6,,0,0,0.0,,https://www.bilibili.com/video/BV1iN92YeEf6
0,,,BV1qN92YeEcw,,0,0,0.0,,https://www.bilibili.com/video/BV1qN92YeEcw
0,,,BV1vT92YAEWm,,0,0,0.0,,https://www.bilibili.com/video/BV1vT92YAEWm
0,,,BV1vT92YAEYK,,0,0,0.0,,https://www.bilibili.com/video/BV1vT92YAEYK
0,,,BV1BN92YeETZ,,0,0,0.0,,https://www.bilibili.com/video/BV1BN92YeETZ
0,,,BV1qN92YeESG,,0,0,0.0,,https://www.bilibili.com/video/BV1qN92YeESG
0,,,BV1iN92YeEVh,,0,0,0.0,,https://www.bilibili.com/video/BV1iN92YeEVh
0,,,BV1qT92YAETE,,0,0,0.0,,https://www.bilibili.com/video/BV1qT92YAETE
0,,,BV1oN92YeEbe,,0,0,0.0,,https://www.bilibili.com/video/BV1oN92YeEbe
0,,,BV1qN92YeErD,,0,0,0.0,,https://www.bilibili.com/video/BV1qN92YeErD
0,,,BV1qN92YeEkM,,0,0,0.0,,https://www.bilibili.com/video/BV1qN92YeEkM
0,,,BV1BN92YeEEE,,0,0,0.0,,https://www.bilibili.com/video/BV1BN92YeEEE
0,,,BV1iN92YeE4m,,0,0,0.0,,https://www.bilibili.com/video/BV1iN92YeE4m
0,,,BV1iN92YeErc,,0,0,0.0,,https://www.bilibili.com/video/BV1iN92YeErc
0,,,BV1iN92YeEf6,,0,0,0.0,,https://www.bilibili.com/video/BV1iN92YeEf6
0,,,BV1qN92YeEcw,,0,0,0.0,,https://www.bilibili.com/video/BV1qN92YeEcw
0,,,BV1vT92YAEWm,,0,0,0.0,,https://www.bilibili.com/video/BV1vT92YAEWm
0,,,BV1vT92YAEYK,,0,0,0.0,,https://www.bilibili.com/video/BV1vT92YAEYK
0,,,BV1BN92YeETZ,,0,0,0.0,,https://www.bilibili.com/video/BV1BN92YeETZ
0,,,BV1BN92YeEur,,0,0,0.0,,https://www.bilibili.com/video/BV1BN92YeEur
0,,,BV1AS91Y1EmR,,0,0,0.0,,https://www.bilibili.com/video/BV1AS91Y1EmR
0,,,BV1iN92YvE67,,0,0,0.0,,https://www.bilibili.com/video/BV1iN92YvE67
0,,,BV1dN92YeEk8,,0,0,0.0,,https://www.bilibili.com/video/BV1dN92YeEk8
0,,,BV1qN92YeEdH,,0,0,0.0,,https://www.bilibili.com/video/BV1qN92YeEdH
0,,,BV1qN92YeESn,,0,0,0.0,,https://www.bilibili.com/video/BV1qN92YeESn
0,,,BV1qN92YeESG,,0,0,0.0,,https://www.bilibili.com/video/BV1qN92YeESG
0,,,BV1iN92YeEVh,,0,0,0.0,,https://www.bilibili.com/video/BV1iN92YeEVh
0,,,BV1qT92YAETE,,0,0,0.0,,https://www.bilibili.com/video/BV1qT92YAETE
0,,,BV1oN92YeEbe,,0,0,0.0,,https://www.bilibili.com/video/BV1oN92YeEbe
0,,,BV1qN92YeErD,,0,0,0.0,,https://www.bilibili.com/video/BV1qN92YeErD
0,,,BV1qN92YeEkM,,0,0,0.0,,https://www.bilibili.com/video/BV1qN92YeEkM
0,,,BV1BN92YeEEE,,0,0,0.0,,https://www.bilibili.com/video/BV1BN92YeEEE
0,,,BV1iN92YeE4m,,0,0,0.0,,https://www.bilibili.com/video/BV1iN92YeE4m
0,,,BV1iN92YeErc,,0,0,0.0,,https://www.bilibili.com/video/BV1iN92YeErc
0,,,BV1iN92YeEf6,,0,0,0.0,,https://www.bilibili.com/video/BV1iN92YeEf6
0,,,BV1qN92YeEcw,,0,0,0.0,,https://www.bilibili.com/video/BV1qN92YeEcw
0,,,BV1vT92YAEWm,,0,0,0.0,,https://www.bilibili.com/video/BV1vT92YAEWm
0,,,BV1vT92YAEYK,,0,0,0.0,,https://www.bilibili.com/video/BV1vT92YAEYK
0,,,BV1BN92YeETZ,,0,0,0.0,,https://www.bilibili.com/video/BV1BN92YeETZ
0,,,BV1BN92YeEur,,0,0,0.0,,https://www.bilibili.com/video/BV1BN92YeEur
0,,,BV1AS91Y1EmR,,0,0,0.0,,https://www.bilibili.com/video/BV1AS91Y1EmR
0,,,BV1iN92YvE67,,0,0,0.0,,https://www.bilibili.com/video/BV1iN92YvE67
0,,,BV1dN92YeEk8,,0,0,0.0,,https://www.bilibili.com/video/BV1dN92YeEk8
0,,,BV1qN92YeEdH,,0,0,0.0,,https://www.bilibili.com/video/BV1qN92YeEdH
0,,,BV1qN92YeESn,,0,0,0.0,,https://www.bilibili.com/video/BV1qN92YeESn
0,,,BV1BN92YeEEE,,0,0,0.0,,https://www.bilibili.com/video/BV1BN92YeEEE
0,,,BV1iN92YeE4m,,0,0,0.0,,https://www.bilibili.com/video/BV1iN92YeE4m
0,,,BV1iN92YeErc,,0,0,0.0,,https://www.bilibili.com/video/BV1iN92YeErc
0,,,BV1iN92YeEf6,,0,0,0.0,,https://www.bilibili.com/video/BV1iN92YeEf6
0,,,BV1qN92YeEcw,,0,0,0.0,,https://www.bilibili.com/video/BV1qN92YeEcw
0,,,BV1vT92YAEWm,,0,0,0.0,,https://www.bilibili.com/video/BV1vT92YAEWm
0,,,BV1vT92YAEYK,,0,0,0.0,,https://www.bilibili.com/video/BV1vT92YAEYK
0,,,BV1BN92YeETZ,,0,0,0.0,,https://www.bilibili.com/video/BV1BN92YeETZ
0,,,BV1BN92YeEur,,0,0,0.0,,https://www.bilibili.com/video/BV1BN92YeEur
0,,,BV1AS91Y1EmR,,0,0,0.0,,https://www.bilibili.com/video/BV1AS91Y1EmR
0,,,BV1iN92YvE67,,0,0,0.0,,https://www.bilibili.com/video/BV1iN92YvE67
0,,,BV1dN92YeEk8,,0,0,0.0,,https://www.bilibili.com/video/BV1dN92YeEk8
0,,,BV1qN92YeEdH,,0,0,0.0,,https://www.bilibili.com/video/BV1qN92YeEdH
0,,,BV1qN92YeESn,,0,0,0.0,,https://www.bilibili.com/video/BV1qN92YeESn
0,,,BV1qN92YeE6E,,0,0,0.0,,https://www.bilibili.com/video/BV1qN92YeE6E
0,,,BV1BN92YeEAp,,0,0,0.0,,https://www.bilibili.com/video/BV1BN92YeEAp
0,,,BV1iN92YeEEP,,0,0,0.0,,https://www.bilibili.com/video/BV1iN92YeEEP
0,,,BV1iN92YeERg,,0,0,0.0,,https://www.bilibili.com/video/BV1iN92YeERg
0,,,BV1qT92YAEiv,,0,0,0.0,,https://www.bilibili.com/video/BV1qT92YAEiv
0,,,BV1CS91YyEtD,,0,0,0.0,,https://www.bilibili.com/video/BV1CS91YyEtD
0,,,BV1iN92YeE4m,,0,0,0.0,,https://www.bilibili.com/video/BV1iN92YeE4m
0,,,BV1iN92YeErc,,0,0,0.0,,https://www.bilibili.com/video/BV1iN92YeErc
0,,,BV1iN92YeEf6,,0,0,0.0,,https://www.bilibili.com/video/BV1iN92YeEf6
0,,,BV1qN92YeEcw,,0,0,0.0,,https://www.bilibili.com/video/BV1qN92YeEcw
0,,,BV1vT92YAEWm,,0,0,0.0,,https://www.bilibili.com/video/BV1vT92YAEWm
0,,,BV1vT92YAEYK,,0,0,0.0,,https://www.bilibili.com/video/BV1vT92YAEYK
0,,,BV1BN92YeETZ,,0,0,0.0,,https://www.bilibili.com/video/BV1BN92YeETZ
0,,,BV1BN92YeEur,,0,0,0.0,,https://www.bilibili.com/video/BV1BN92YeEur
0,,,BV1AS91Y1EmR,,0,0,0.0,,https://www.bilibili.com/video/BV1AS91Y1EmR
0,,,BV1iN92YvE67,,0,0,0.0,,https://www.bilibili.com/video/BV1iN92YvE67
0,,,BV1dN92YeEk8,,0,0,0.0,,https://www.bilibili.com/video/BV1dN92YeEk8
0,,,BV1qN92YeEdH,,0,0,0.0,,https://www.bilibili.com/video/BV1qN92YeEdH
0,,,BV1qN92YeESn,,0,0,0.0,,https://www.bilibili.com/video/BV1qN92YeESn
0,,,BV1qN92YeE6E,,0,0,0.0,,https://www.bilibili.com/video/BV1qN92YeE6E
0,,,BV1BN92YeEAp,,0,0,0.0,,https://www.bilibili.com/video/BV1BN92YeEAp
0,,,BV1iN92YeEEP,,0,0,0.0,,https://www.bilibili.com/video/BV1iN92YeEEP
0,,,BV1iN92YeERg,,0,0,0.0,,https://www.bilibili.com/video/BV1iN92YeERg
0,,,BV1qT92YAEiv,,0,0,0.0,,https://www.bilibili.com/video/BV1qT92YAEiv
0,,,BV1CS91YyEtD,,0,0,0.0,,https://www.bilibili.com/video/BV1CS91YyEtD
0,,,BV1dN92YeEZg,,0,0,0.0,,https://www.bilibili.com/video/BV1dN92YeEZg
0,,,BV1dN92YeEk8,,0,0,0.0,,https://www.bilibili.com/video/BV1dN92YeEk8
0,,,BV1qN92YeEdH,,0,0,0.0,,https://www.bilibili.com/video/BV1qN92YeEdH
0,,,BV1qN92YeESn,,0,0,0.0,,https://www.bilibili.com/video/BV1qN92YeESn
0,,,BV1qN92YeE6E,,0,0,0.0,,https://www.bilibili.com/video/BV1qN92YeE6E
0,,,BV1BN92YeEAp,,0,0,0.0,,https://www.bilibili.com/video/BV1BN92YeEAp
0,,,BV1iN92YeEEP,,0,0,0.0,,https://www.bilibili.com/video/BV1iN92YeEEP
0,,,BV1iN92YeERg,,0,0,0.0,,https://www.bilibili.com/video/BV1iN92YeERg
0,,,BV1qT92YAEiv,,0,0,0.0,,https://www.bilibili.com/video/BV1qT92YAEiv
0,,,BV1CS91YyEtD,,0,0,0.0,,https://www.bilibili.com/video/BV1CS91YyEtD
0,,,BV1dN92YeEZg,,0,0,0.0,,https://www.bilibili.com/video/BV1dN92YeEZg
0,,,BV1qN92YeED2,,0,0,0.0,,https://www.bilibili.com/video/BV1qN92YeED2
0,,,BV1iT92YAEdA,,0,0,0.0,,https://www.bilibili.com/video/BV1iT92YAEdA
0,,,BV1qT92YAEa5,,0,0,0.0,,https://www.bilibili.com/video/BV1qT92YAEa5
0,,,BV1NK9CYTEPu,,0,0,0.0,,https://www.bilibili.com/video/BV1NK9CYTEPu
0,,,BV1iN92YeEL3,,0,0,0.0,,https://www.bilibili.com/video/BV1iN92YeEL3
0,,,BV1iN92YeEbj,,0,0,0.0,,https://www.bilibili.com/video/BV1iN92YeEbj
0,,,BV1oT92YAEqh,,0,0,0.0,,https://www.bilibili.com/video/BV1oT92YAEqh
0,,,BV1dT92YAEPZ,,0,0,0.0,,https://www.bilibili.com/video/BV1dT92YAEPZ
0,,,BV1qT92YAEim,,0,0,0.0,,https://www.bilibili.com/video/BV1qT92YAEim
0,,,BV1vT92YAEZw,,0,0,0.0,,https://www.bilibili.com/video/BV1vT92YAEZw
0,,,BV1CS91YyEtD,,0,0,0.0,,https://www.bilibili.com/video/BV1CS91YyEtD
0,,,BV1dN92YeEZg,,0,0,0.0,,https://www.bilibili.com/video/BV1dN92YeEZg
0,,,BV1qN92YeED2,,0,0,0.0,,https://www.bilibili.com/video/BV1qN92YeED2
0,,,BV1iT92YAEdA,,0,0,0.0,,https://www.bilibili.com/video/BV1iT92YAEdA
0,,,BV1qT92YAEa5,,0,0,0.0,,https://www.bilibili.com/video/BV1qT92YAEa5
0,,,BV1NK9CYTEPu,,0,0,0.0,,https://www.bilibili.com/video/BV1NK9CYTEPu
0,,,BV1iN92YeEL3,,0,0,0.0,,https://www.bilibili.com/video/BV1iN92YeEL3
0,,,BV1iN92YeEbj,,0,0,0.0,,https://www.bilibili.com/video/BV1iN92YeEbj
0,,,BV1oT92YAEqh,,0,0,0.0,,https://www.bilibili.com/video/BV1oT92YAEqh
0,,,BV1dT92YAEPZ,,0,0,0.0,,https://www.bilibili.com/video/BV1dT92YAEPZ
0,,,BV1qT92YAEim,,0,0,0.0,,https://www.bilibili.com/video/BV1qT92YAEim
0,,,BV1vT92YAEZw,,0,0,0.0,,https://www.bilibili.com/video/BV1vT92YAEZw
0,,,BV1oN92YeEWu,,0,0,0.0,,https://www.bilibili.com/video/BV1oN92YeEWu
0,,,BV1iN92YeE7R,,0,0,0.0,,https://www.bilibili.com/video/BV1iN92YeE7R
0,,,BV1qN92YeEMq,,0,0,0.0,,https://www.bilibili.com/video/BV1qN92YeEMq
0,,,BV1iN92YeEfm,,0,0,0.0,,https://www.bilibili.com/video/BV1iN92YeEfm
0,,,BV1iN92YeEtU,,0,0,0.0,,https://www.bilibili.com/video/BV1iN92YeEtU
0,,,BV1iT92YAEZC,,0,0,0.0,,https://www.bilibili.com/video/BV1iT92YAEZC
0,,,BV1qT92YAEJV,,0,0,0.0,,https://www.bilibili.com/video/BV1qT92YAEJV
0,,,BV1WS91Y1EWU,,0,0,0.0,,https://www.bilibili.com/video/BV1WS91Y1EWU
22,【太空航班】最新视频已上线，快来围观！,http://i0.hdslb.com/bfs/archive/7cb61b3ef3a110f9f30cc1dda4a4c4957429846d.jpg,BV1iN92YvEi1,校园、绘画、电子竞技,125,215,1.72,科学科普,https://www.bilibili.com/video/BV1iN92YvEi1
0,【bili_26394773816】最新视频上线，求关注！,http://i0.hdslb.com/bfs/archive/eab8ea8cf3eda4e0d3fd82fd438472b4d9feb2ee.jpg,BV1iN92YeE5o,鸣潮创作激励计划、鸣潮2.1版本创作激励计划,262,39,0.15,网络游戏,https://www.bilibili.com/video/BV1iN92YeE5o
25,传奇扑克济州岛站精彩赛事集锦！,http://i2.hdslb.com/bfs/archive/2748c49b240efbdcd2eb4c3a50c71bba55f1d433.jpg,BV1iN92YeEfx,德州扑克、桌游棋牌、扑克,14,1743,124.5,桌游棋牌,https://www.bilibili.com/video/BV1iN92YeEfx
1362,小伙子受伤了，谎称亲吻一下就会好！,http://i1.hdslb.com/bfs/archive/166b0b43ecc1762ff7ef54ad4597cbe2cfec2a19.jpg,BV1oT92YAEDZ,影视剪辑、吻戏、强吻,59,90,1.53,影视剪辑,https://www.bilibili.com/video/BV1oT92YAEDZ
5,带你探秘一汽丰田总部工厂总装车间！,http://i0.hdslb.com/bfs/archive/4a7eea88a1f011d76928dede61a79c515a7b2433.jpg,BV1dN92YeEkT,学习、汽车、丰田、生活记录、丰田工厂、车间、记录、探秘、工厂、一汽丰田,16,81,5.06,购车攻略,https://www.bilibili.com/video/BV1dN92YeEkT
3,洗车是一件很治愈的事儿，干净是一种态度。这不是车，是心情 #精致洗车,http://i0.hdslb.com/bfs/archive/a97f82c1e6e3855daadbe41c5ac2a99cbc298156.jpg,BV1qN92YeE6J,汽车美容、清洗、洗车,35,90,2.57,汽车生活,https://www.bilibili.com/video/BV1qN92YeE6J
1636,病房里的杀戮（窒息，踢蹬）,http://i0.hdslb.com/bfs/archive/85a98155f1ec058e7228514e863f80653849d35c.jpg,BV1iN92YeE5C,影视剪辑、美女、踢蹬、窒息,146,4728,32.38,影视剪辑,https://www.bilibili.com/video/BV1iN92YeE5C
3,[我的世界纯生存]第5天，一只猫猫死了，唉真让人悲伤,http://i1.hdslb.com/bfs/archive/584666cf364d700844abcd96a25aa0910874f838.jpg,BV1oT92YAEyi,发现《Wet Hands》、沙盒游戏、我的世界、我的世界手机版,5,11,2.2,电子竞技,https://www.bilibili.com/video/BV1oT92YAEyi
0,心动了吗，心动就去行动吧！,http://i0.hdslb.com/bfs/archive/69fbfa4206e76d6401a59f17a80893d142072569.jpg,BV1ZN92YeEuc,发现《予君书》、女神、小姐姐、仙女,7,4,0.57,颜值·网红舞,https://www.bilibili.com/video/BV1ZN92YeEuc
9,本是不怀好意的接近-最后却清醒的沉沦-韩剧-双男主剧,http://i1.hdslb.com/bfs/archive/abffe966c2d12faa7adfe78f399be119bf129013.jpg,BV1qT92YAEL4,发现《修炼爱情》、影视剪辑、双男主、韩剧,11,7942,722.0,影视剪辑,https://www.bilibili.com/video/BV1qT92YAEL4
80810,【SHUYA姝芽】姝芽：我不是棒棒糖…,http://i1.hdslb.com/bfs/archive/248ef248841fd1a7fa935fe1fd2464fdf84c48f7.jpg,BV1ZN92YeEu3,一起来画画吧！、治愈、情侣、韩国IP、奶油泡芙兔、SHUYA、把兴趣玩出名堂 2.0,143,369981,2587.28,绘画,https://www.bilibili.com/video/BV1ZN92YeEu3
3,[我的世界纯生存]第5天，一只猫猫死了，唉真让人悲伤,http://i1.hdslb.com/bfs/archive/584666cf364d700844abcd96a25aa0910874f838.jpg,BV1oT92YAEyi,发现《Wet Hands》、沙盒游戏、我的世界、我的世界手机版,5,11,2.2,电子竞技,https://www.bilibili.com/video/BV1oT92YAEyi
9,本是不怀好意的接近-最后却清醒的沉沦-韩剧-双男主剧,http://i1.hdslb.com/bfs/archive/abffe966c2d12faa7adfe78f399be119bf129013.jpg,BV1qT92YAEL4,发现《修炼爱情》、影视剪辑、双男主、韩剧,11,7942,722.0,影视剪辑,https://www.bilibili.com/video/BV1qT92YAEL4
80810,【SHUYA姝芽】姝芽：我不是棒棒糖…,http://i1.hdslb.com/bfs/archive/248ef248841fd1a7fa935fe1fd2464fdf84c48f7.jpg,BV1ZN92YeEu3,一起来画画吧！、治愈、情侣、韩国IP、奶油泡芙兔、SHUYA、把兴趣玩出名堂 2.0,143,369979,2587.27,绘画,https://www.bilibili.com/video/BV1ZN92YeEu3
30,炸裂！马自达疯了！这价格买B级轿车EZ-6！还免税！ #合资新能源价值新标准ez6 #四好合资新能源马自达ez6 @长安马自达#千万置换礼开春大放价,http://i0.hdslb.com/bfs/archive/66d65ea43e87b4f43a5cbbd706b673817aa69243.jpg,BV1BN92YeEuj,马自达、汽车、轿车,697,2538,3.64,购车攻略,https://www.bilibili.com/video/BV1BN92YeEuj
739,汽车底盘哪家强,http://i0.hdslb.com/bfs/archive/0578f31e58e7ba84f22f9ef0552e046eec82999c.jpg,BV1CS91YyEJh,汽车、底盘、汽车制造、汽车知识、汽车底盘、带你懂车,919,43650,47.5,汽车生活,https://www.bilibili.com/video/BV1CS91YyEJh
17664,【街霸6】2024CPT总决赛小组赛阶段H组 KUSANAGI VS LEXX,http://i1.hdslb.com/bfs/archive/9a830d2e15b8e5ed054d6fd9b50155eefdbca791.jpg,BV1yQ91YVEkR,街霸、街头霸王、电子竞技、麦麦肯、古典麦麦、格斗游戏、街头霸王6、街霸6、SF6,2934,73420,25.02,电子竞技,https://www.bilibili.com/video/BV1yQ91YVEkR
870,模型日记｜万代MG飞翼零式高达(EW) Ver.ka (基地钛限定版),http://i1.hdslb.com/bfs/archive/da71372f71672b6a95e8af84ca22c98fc4f5ebf8.jpg,BV1vt9oYbEdr,发现《Sky.High - feelings（remix）（懶leo remix）》、带着周边模玩一起跨年、MG、机动战士高达、高达模型、万代、模型制作、模型、胶佬、周边模玩跨年总动员,11,3981,361.91,模玩·周边,https://www.bilibili.com/video/BV1vt9oYbEdr
5,好听，爱听。,http://i1.hdslb.com/bfs/archive/a5cd60ab54a8e9c927c6fe3877a71ad92a4acd84.jpg,BV1jN92YvE9x,发现《天若有情》、游戏音乐、音乐、BGM,8,11,1.38,综合,https://www.bilibili.com/video/BV1jN92YvE9x
30,炸裂！马自达疯了！这价格买B级轿车EZ-6！还免税！ #合资新能源价值新标准ez6 #四好合资新能源马自达ez6 @长安马自达#千万置换礼开春大放价,http://i0.hdslb.com/bfs/archive/66d65ea43e87b4f43a5cbbd706b673817aa69243.jpg,BV1BN92YeEuj,马自达、汽车、轿车,697,2538,3.64,购车攻略,https://www.bilibili.com/video/BV1BN92YeEuj
739,汽车底盘哪家强,http://i0.hdslb.com/bfs/archive/0578f31e58e7ba84f22f9ef0552e046eec82999c.jpg,BV1CS91YyEJh,汽车、底盘、汽车制造、汽车知识、汽车底盘、带你懂车,919,43656,47.5,汽车生活,https://www.bilibili.com/video/BV1CS91YyEJh
17664,【街霸6】2024CPT总决赛小组赛阶段H组 KUSANAGI VS LEXX,http://i1.hdslb.com/bfs/archive/9a830d2e15b8e5ed054d6fd9b50155eefdbca791.jpg,BV1yQ91YVEkR,电子竞技、街头霸王、街霸、麦麦肯、古典麦麦、格斗游戏、街头霸王6、街霸6、SF6,2934,73421,25.02,电子竞技,https://www.bilibili.com/video/BV1yQ91YVEkR
870,模型日记｜万代MG飞翼零式高达(EW) Ver.ka (基地钛限定版),http://i1.hdslb.com/bfs/archive/da71372f71672b6a95e8af84ca22c98fc4f5ebf8.jpg,BV1vt9oYbEdr,发现《Sky.High - feelings（remix）（懶leo remix）》、带着周边模玩一起跨年、万代、机动战士高达、高达模型、模型制作、MG、模型、胶佬、周边模玩跨年总动员,11,3981,361.91,模玩·周边,https://www.bilibili.com/video/BV1vt9oYbEdr
5,好听，爱听。,http://i1.hdslb.com/bfs/archive/a5cd60ab54a8e9c927c6fe3877a71ad92a4acd84.jpg,BV1jN92YvE9x,发现《天若有情》、游戏音乐、音乐、BGM,8,11,1.38,综合,https://www.bilibili.com/video/BV1jN92YvE9x
74,我愿能以后 捉紧你的手。,http://i1.hdslb.com/bfs/archive/7af57d396b4b8ba686ce85451b110f52c6f5cd3f.jpg,BV1qN92YeEMj,发现《赛勒斯的爱》、德蔡兼贝、坤颖,28,3658,130.64,娱乐粉丝创作,https://www.bilibili.com/video/BV1qN92YeEMj
57,哦,http://i2.hdslb.com/bfs/archive/c26ca88ac4ee43329939d877d4f8fbe56a3d1c6d.jpg,BV1qT92YAEpa,直播、生活记录、记录,925,405,0.44,网络游戏,https://www.bilibili.com/video/BV1qT92YAEpa
5,早晨第一练,http://i1.hdslb.com/bfs/archive/facd73f5c92e78e39e5487e1c2f44c2df3dbbbb0.jpg,BV1BN92YeEAL,发现《In da Club》、健身、训练,2,2,1.0,健身,https://www.bilibili.com/video/BV1BN92YeEAL
30,炸裂！马自达疯了！这价格买B级轿车EZ-6！还免税！ #合资新能源价值新标准ez6 #四好合资新能源马自达ez6 @长安马自达#千万置换礼开春大放价,http://i0.hdslb.com/bfs/archive/66d65ea43e87b4f43a5cbbd706b673817aa69243.jpg,BV1BN92YeEuj,马自达、汽车、轿车,697,2538,3.64,购车攻略,https://www.bilibili.com/video/BV1BN92YeEuj
739,汽车底盘哪家强,http://i0.hdslb.com/bfs/archive/0578f31e58e7ba84f22f9ef0552e046eec82999c.jpg,BV1CS91YyEJh,汽车、底盘、汽车制造、汽车知识、汽车底盘、带你懂车,919,43651,47.5,汽车生活,https://www.bilibili.com/video/BV1CS91YyEJh
17664,【街霸6】2024CPT总决赛小组赛阶段H组 KUSANAGI VS LEXX,http://i1.hdslb.com/bfs/archive/9a830d2e15b8e5ed054d6fd9b50155eefdbca791.jpg,BV1yQ91YVEkR,街头霸王、电子竞技、街霸、麦麦肯、古典麦麦、格斗游戏、街头霸王6、街霸6、SF6,2934,73422,25.02,电子竞技,https://www.bilibili.com/video/BV1yQ91YVEkR
870,模型日记｜万代MG飞翼零式高达(EW) Ver.ka (基地钛限定版),http://i1.hdslb.com/bfs/archive/da71372f71672b6a95e8af84ca22c98fc4f5ebf8.jpg,BV1vt9oYbEdr,发现《Sky.High - feelings（remix）（懶leo remix）》、带着周边模玩一起跨年、机动战士高达、MG、高达模型、模型制作、万代、模型、胶佬、周边模玩跨年总动员,11,3981,361.91,模玩·周边,https://www.bilibili.com/video/BV1vt9oYbEdr
5,好听，爱听。,http://i1.hdslb.com/bfs/archive/a5cd60ab54a8e9c927c6fe3877a71ad92a4acd84.jpg,BV1jN92YvE9x,发现《天若有情》、BGM、游戏音乐、音乐,8,11,1.38,综合,https://www.bilibili.com/video/BV1jN92YvE9x
74,我愿能以后 捉紧你的手。,http://i1.hdslb.com/bfs/archive/7af57d396b4b8ba686ce85451b110f52c6f5cd3f.jpg,BV1qN92YeEMj,发现《赛勒斯的爱》、德蔡兼贝、坤颖,28,3659,130.68,娱乐粉丝创作,https://www.bilibili.com/video/BV1qN92YeEMj
57,哦,http://i2.hdslb.com/bfs/archive/c26ca88ac4ee43329939d877d4f8fbe56a3d1c6d.jpg,BV1qT92YAEpa,直播、生活记录、记录,925,405,0.44,网络游戏,https://www.bilibili.com/video/BV1qT92YAEpa
1798,【樂】2025-2-22-P2：《Dread Hunger 恐惧饥饿》,http://i0.hdslb.com/bfs/archive/efb56b77e8c25e9f28aa11c05688a135207f1bbf.jpg,BV11U91YLEvT,狼人杀、搞笑、恐惧饥饿、斗鱼乐乐、海上狼人杀、多人合作、开船、非对称竞技、社交推理、Dread Hunger,6031,8206,1.36,单机游戏,https://www.bilibili.com/video/BV11U91YLEvT
5,早晨第一练,http://i1.hdslb.com/bfs/archive/facd73f5c92e78e39e5487e1c2f44c2df3dbbbb0.jpg,BV1BN92YeEAL,发现《In da Club》、健身、训练,2,2,1.0,健身,https://www.bilibili.com/video/BV1BN92YeEAL
2,无我(1),http://i1.hdslb.com/bfs/archive/924060c638f46bcc4cb9b9ac928ea46739202ba1.jpg,BV1qN92YeErS,发现《MELANCHOLY》、原创、娱乐、新人向,13,2,0.15,日常,https://www.bilibili.com/video/BV1qN92YeErS
739,汽车底盘哪家强,http://i0.hdslb.com/bfs/archive/0578f31e58e7ba84f22f9ef0552e046eec82999c.jpg,BV1CS91YyEJh,汽车、底盘、汽车制造、汽车知识、汽车底盘、带你懂车,919,43657,47.5,汽车生活,https://www.bilibili.com/video/BV1CS91YyEJh
17664,【街霸6】2024CPT总决赛小组赛阶段H组 KUSANAGI VS LEXX,http://i1.hdslb.com/bfs/archive/9a830d2e15b8e5ed054d6fd9b50155eefdbca791.jpg,BV1yQ91YVEkR,街霸、街头霸王、电子竞技、麦麦肯、古典麦麦、格斗游戏、街头霸王6、街霸6、SF6,2934,73422,25.02,电子竞技,https://www.bilibili.com/video/BV1yQ91YVEkR
870,模型日记｜万代MG飞翼零式高达(EW) Ver.ka (基地钛限定版),http://i1.hdslb.com/bfs/archive/da71372f71672b6a95e8af84ca22c98fc4f5ebf8.jpg,BV1vt9oYbEdr,发现《Sky.High - feelings（remix）（懶leo remix）》、带着周边模玩一起跨年、MG、高达模型、万代、机动战士高达、模型制作、模型、胶佬、周边模玩跨年总动员,11,3981,361.91,模玩·周边,https://www.bilibili.com/video/BV1vt9oYbEdr
5,好听，爱听。,http://i1.hdslb.com/bfs/archive/a5cd60ab54a8e9c927c6fe3877a71ad92a4acd84.jpg,BV1jN92YvE9x,发现《天若有情》、BGM、游戏音乐、音乐,8,11,1.38,综合,https://www.bilibili.com/video/BV1jN92YvE9x
968,被秘总硬控，城堡出了吗？没脾气了,http://i2.hdslb.com/bfs/archive/1eb00704545ee2fe050caa4742ecc360d0f0a7a9.jpg,BV1iN92YeEVE,发现《只对你有感觉》、生活记录、直播、娱乐,20,121,6.05,日常,https://www.bilibili.com/video/BV1iN92YeEVE
74,我愿能以后 捉紧你的手。,http://i1.hdslb.com/bfs/archive/7af57d396b4b8ba686ce85451b110f52c6f5cd3f.jpg,BV1qN92YeEMj,发现《赛勒斯的爱》、德蔡兼贝、坤颖,28,3659,130.68,娱乐粉丝创作,https://www.bilibili.com/video/BV1qN92YeEMj
5,早晨第一练,http://i1.hdslb.com/bfs/archive/facd73f5c92e78e39e5487e1c2f44c2df3dbbbb0.jpg,BV1BN92YeEAL,发现《In da Club》、健身、训练,2,2,1.0,健身,https://www.bilibili.com/video/BV1BN92YeEAL
447,依和p堂堂复活！B站容不下我，我也不会屈服，我们的战线不曾停歇！,http://i2.hdslb.com/bfs/archive/cfc9e35b0290895c3f9761256effbbc710638997.jpg,BV1iN92YeEJa,发现《アイドル》、绝区零攻略、哀叙冰玉、依和p、米游up、米游社区节奏、B站封杀米游up主、必剪创作、绝区零UP主激励计划1.5,1313,74116,56.45,手机游戏,https://www.bilibili.com/video/BV1iN92YeEJa
2,无我(1),http://i1.hdslb.com/bfs/archive/924060c638f46bcc4cb9b9ac928ea46739202ba1.jpg,BV1qN92YeErS,发现《MELANCHOLY》、原创、娱乐、新人向,13,2,0.15,日常,https://www.bilibili.com/video/BV1qN92YeErS
11,蔚蓝档案二创-老师睡了3年1,http://i2.hdslb.com/bfs/archive/cdbc0ac34ab8415ab9afdd5ef544b82aba39c7c5.jpg,BV1vT92YAEW6,剧情、活动、碧蓝档案,6,58,9.67,单机游戏,https://www.bilibili.com/video/BV1vT92YAEW6
6,狂揽900亿元！人形机器人独角兽，中央汇金爆买6400万股，下一个10天10板杭钢股份！,http://i1.hdslb.com/bfs/archive/f9677cb4b55800a6b2f9e1ae35252cf61e2bcf99.jpg,BV1BN92YeEMz,发现《Visions》、财经、股市、投资、股票、A股,9,24,2.67,财经商业,https://www.bilibili.com/video/BV1BN92YeEMz
83,杭州诸坞骑行,http://i0.hdslb.com/bfs/archive/8bc1d8d3c471f8b9a7411ae8d14265a14d0e7c77.jpg,BV1iN92YeEJy,发现《夏天的雨（Summer rain）（钢琴曲）》、公路车、骑行、记录、杭州、捷安特、原神,16,468,29.25,运动综合,https://www.bilibili.com/video/BV1iN92YeEJy
9,赵丽颖新剧造型曝光，惊艳了时光,http://i0.hdslb.com/bfs/archive/8837d1b6f73cfb30ab8f243ee730f1dc4baa00d7.jpg,BV1qN92YeEMJ,发现《Next Time Maybe (a)》、电影、赵丽颖、向阳花,71,1242,17.49,预告·资讯,https://www.bilibili.com/video/BV1qN92YeEMJ
383,“你不在的时世界，一切都没有意义。”,http://i2.hdslb.com/bfs/archive/d54d454b2e96462745d808e7a8536a6813fe8a1d.jpg,BV1qN92YeESG,发现《Nothing's New》、灵魂COS大赏、MV、cozmez、Paradox live、矢户乃上珂波汰、矢户乃上那由汰、二次元春游计划,28,42097,1503.46,仿妆cos,https://www.bilibili.com/video/BV1qN92YeESG
74,我愿能以后 捉紧你的手。,http://i1.hdslb.com/bfs/archive/7af57d396b4b8ba686ce85451b110f52c6f5cd3f.jpg,BV1qN92YeEMj,发现《赛勒斯的爱》、德蔡兼贝、坤颖,28,3659,130.68,娱乐粉丝创作,https://www.bilibili.com/video/BV1qN92YeEMj
5,早晨第一练,http://i1.hdslb.com/bfs/archive/facd73f5c92e78e39e5487e1c2f44c2df3dbbbb0.jpg,BV1BN92YeEAL,发现《In da Club》、健身、训练,2,2,1.0,健身,https://www.bilibili.com/video/BV1BN92YeEAL
5,_有些爱需要勇气-更需要认同还好结局是好的……-双男主-日剧,http://i1.hdslb.com/bfs/archive/0294361b7c8e366e1528a6a3508d42b445ac88fa.jpg,BV1AS91Y1EmR,发现《忘了》、日剧、爱情、男人,11,280,25.45,影视杂谈,https://www.bilibili.com/video/BV1AS91Y1EmR
39455,我：你现在不想退货想退款是嘛？momo：是的！！,http://i0.hdslb.com/bfs/archive/4d28c5dc6ec861f33ab5afa99a88f83a4ffa5e99.jpg,BV1qN92YeE6E,猫meme小剧场、生活记录、家居、搞笑、猫meme、客服的命也是命、电商、记录、沙雕,375,923689,2463.17,喵星人,https://www.bilibili.com/video/BV1qN92YeE6E
131,这是什么？,http://i1.hdslb.com/bfs/archive/4b0214b75f958be3edca78442c7abddb8cc7434e.jpg,BV1oN92YeEbe,娱乐、BUG、搞笑、Na,27,331,12.26,单机游戏,https://www.bilibili.com/video/BV1oN92YeEbe
345,编号107 三国杀谋诸葛死绑账号价格25米,http://i1.hdslb.com/bfs/archive/0f525bf6bd41bfbef054d7cc2181a81a31dd8494.jpg,BV1qN92YeErD,发现《House of Lightning》、三国、三国杀、桌游棋牌、卡牌游戏、三国杀移动版,326,1303,4.0,桌游棋牌,https://www.bilibili.com/video/BV1qN92YeErD
22,步战车大杀四方,http://i1.hdslb.com/bfs/archive/d7d4084750c0ab8a410f87303648806f9034f44d.jpg,BV1vT92YAEWm,车组、三角洲行动、刷分、步战车、老黑、攀升,37,173,4.68,电子竞技,https://www.bilibili.com/video/BV1vT92YAEWm
154,似锦镜头下鲜活的女性角色 # 新月耀星河,http://i0.hdslb.com/bfs/archive/f734ddad0c2ba6703e0bdb334d57c627b8781fe8.jpg,BV1vT92YAEYK,发现《Once Upon a Time》、短剧种草计划、美女、女性,470,3046,6.48,小剧场,https://www.bilibili.com/video/BV1vT92YAEYK
270,月半三斤肉肉 痛并快落着 承认错误但不改……,http://i0.hdslb.com/bfs/archive/ff3bdd081f8e28a2e17f6516d632dcd5bb4c5265.jpg,BV1iN92YeE4m,发现《《舌尖上的中国》片头音乐》、美食踏春尝鲜季、吃货、生活记录、探店、Vlog、BILIBILI美食研究所-踏春尝鲜季,301,4507,14.97,美食记录,https://www.bilibili.com/video/BV1iN92YeE4m
5,_有些爱需要勇气-更需要认同还好结局是好的……-双男主-日剧,http://i1.hdslb.com/bfs/archive/0294361b7c8e366e1528a6a3508d42b445ac88fa.jpg,BV1AS91Y1EmR,发现《忘了》、日剧、爱情、男人,11,280,25.45,影视杂谈,https://www.bilibili.com/video/BV1AS91Y1EmR
524,地铁有宝子的投喂，还有哥哥带我看特效！双倍快乐！！！,http://i2.hdslb.com/bfs/archive/5e9d9b127e20633331bcc2f431763e4d083bb090.jpg,BV1dN92YeEk8,发现《王者荣耀 - 山海有灵》、特效、开箱、和平、直播、地铁、冒险游戏、开心、主播、投喂、哥哥,14,105,7.5,配音,https://www.bilibili.com/video/BV1dN92YeEk8
4373,龙门架：有大鱼上钩,http://i0.hdslb.com/bfs/archive/56d6f34c9ab254cac3a9aab0c6a1c631e5bda588.jpg,BV1qN92YeEdH,健美、健身、肌肉,573,1471068,2567.31,健身,https://www.bilibili.com/video/BV1qN92YeEdH
383,“你不在的时世界，一切都没有意义。”,http://i2.hdslb.com/bfs/archive/d54d454b2e96462745d808e7a8536a6813fe8a1d.jpg,BV1qN92YeESG,发现《Nothing's New》、灵魂COS大赏、MV、cozmez、Paradox live、矢户乃上珂波汰、矢户乃上那由汰、二次元春游计划,28,42098,1503.5,仿妆cos,https://www.bilibili.com/video/BV1qN92YeESG
270,月半三斤肉肉 痛并快落着 承认错误但不改……,http://i0.hdslb.com/bfs/archive/ff3bdd081f8e28a2e17f6516d632dcd5bb4c5265.jpg,BV1iN92YeE4m,发现《《舌尖上的中国》片头音乐》、美食踏春尝鲜季、生活记录、吃货、探店、Vlog、BILIBILI美食研究所-踏春尝鲜季,301,4507,14.97,美食记录,https://www.bilibili.com/video/BV1iN92YeE4m
154,似锦镜头下鲜活的女性角色 # 新月耀星河,http://i0.hdslb.com/bfs/archive/f734ddad0c2ba6703e0bdb334d57c627b8781fe8.jpg,BV1vT92YAEYK,发现《Once Upon a Time》、短剧种草计划、美女、女性,470,3046,6.48,小剧场,https://www.bilibili.com/video/BV1vT92YAEYK
21,记录一下,http://i2.hdslb.com/bfs/archive/5406363559339dd086af13f07498cbff68c187ea.jpg,BV1BN92YeETZ,发现《量子叠加态》、第一视角、游戏实况、娱乐,4,50,12.5,出行,https://www.bilibili.com/video/BV1BN92YeETZ
22,【太空航班】最新视频已上线，快来围观！,http://i0.hdslb.com/bfs/archive/7cb61b3ef3a110f9f30cc1dda4a4c4957429846d.jpg,BV1iN92YvEi1,校园、绘画、电子竞技,125,215,1.72,科学科普,https://www.bilibili.com/video/BV1iN92YvEi1
40,传奇扑克济州岛站精彩赛事集锦！,http://i2.hdslb.com/bfs/archive/2748c49b240efbdcd2eb4c3a50c71bba55f1d433.jpg,BV1iN92YeEfx,德州扑克、桌游棋牌、扑克,17,2344,137.88,桌游棋牌,https://www.bilibili.com/video/BV1iN92YeEfx
1393,小伙子受伤了，谎称亲吻一下就会好！,http://i1.hdslb.com/bfs/archive/166b0b43ecc1762ff7ef54ad4597cbe2cfec2a19.jpg,BV1oT92YAEDZ,影视剪辑、吻戏、强吻,76,105,1.38,影视剪辑,https://www.bilibili.com/video/BV1oT92YAEDZ
7,带你探秘一汽丰田总部工厂总装车间！,http://i0.hdslb.com/bfs/archive/4a7eea88a1f011d76928dede61a79c515a7b2433.jpg,BV1dN92YeEkT,生活记录、汽车、学习、丰田、丰田工厂、车间、探秘、工厂、记录、一汽丰田,19,120,6.32,购车攻略,https://www.bilibili.com/video/BV1dN92YeEkT
3,洗车是一件很治愈的事儿，干净是一种态度。这不是车，是心情 #精致洗车,http://i0.hdslb.com/bfs/archive/a97f82c1e6e3855daadbe41c5ac2a99cbc298156.jpg,BV1qN92YeE6J,汽车美容、清洗、洗车,36,95,2.64,汽车生活,https://www.bilibili.com/video/BV1qN92YeE6J
1650,病房里的杀戮（窒息，踢蹬）,http://i0.hdslb.com/bfs/archive/85a98155f1ec058e7228514e863f80653849d35c.jpg,BV1iN92YeE5C,影视剪辑、美女、踢蹬、窒息,149,4766,31.99,影视剪辑,https://www.bilibili.com/video/BV1iN92YeE5C
4,[我的世界纯生存]第5天，一只猫猫死了，唉真让人悲伤,http://i1.hdslb.com/bfs/archive/584666cf364d700844abcd96a25aa0910874f838.jpg,BV1oT92YAEyi,发现《Minecraft Java pre-1.6 piano2》、沙盒游戏、我的世界、我的世界手机版,6,16,2.67,电子竞技,https://www.bilibili.com/video/BV1oT92YAEyi
9,本是不怀好意的接近-最后却清醒的沉沦-韩剧-双男主剧,http://i1.hdslb.com/bfs/archive/abffe966c2d12faa7adfe78f399be119bf129013.jpg,BV1qT92YAEL4,发现《修炼爱情》、影视剪辑、双男主、韩剧,11,8060,732.73,影视剪辑,https://www.bilibili.com/video/BV1qT92YAEL4
81129,【SHUYA姝芽】姝芽：我不是棒棒糖…,http://i1.hdslb.com/bfs/archive/248ef248841fd1a7fa935fe1fd2464fdf84c48f7.jpg,BV1ZN92YeEu3,一起来画画吧！、情侣、治愈、韩国IP、奶油泡芙兔、SHUYA、把兴趣玩出名堂 2.0,144,370927,2575.88,绘画,https://www.bilibili.com/video/BV1ZN92YeEu3
4,[我的世界纯生存]第5天，一只猫猫死了，唉真让人悲伤,http://i1.hdslb.com/bfs/archive/584666cf364d700844abcd96a25aa0910874f838.jpg,BV1oT92YAEyi,发现《Minecraft Java pre-1.6 piano2》、沙盒游戏、我的世界、我的世界手机版,6,16,2.67,电子竞技,https://www.bilibili.com/video/BV1oT92YAEyi
9,本是不怀好意的接近-最后却清醒的沉沦-韩剧-双男主剧,http://i1.hdslb.com/bfs/archive/abffe966c2d12faa7adfe78f399be119bf129013.jpg,BV1qT92YAEL4,发现《修炼爱情》、双男主、韩剧、影视剪辑,11,8060,732.73,影视剪辑,https://www.bilibili.com/video/BV1qT92YAEL4
81129,【SHUYA姝芽】姝芽：我不是棒棒糖…,http://i1.hdslb.com/bfs/archive/248ef248841fd1a7fa935fe1fd2464fdf84c48f7.jpg,BV1ZN92YeEu3,一起来画画吧！、治愈、情侣、韩国IP、奶油泡芙兔、SHUYA、把兴趣玩出名堂 2.0,144,370925,2575.87,绘画,https://www.bilibili.com/video/BV1ZN92YeEu3
31,炸裂！马自达疯了！这价格买B级轿车EZ-6！还免税！ #合资新能源价值新标准ez6 #四好合资新能源马自达ez6 @长安马自达#千万置换礼开春大放价,http://i0.hdslb.com/bfs/archive/66d65ea43e87b4f43a5cbbd706b673817aa69243.jpg,BV1BN92YeEuj,马自达、汽车、轿车,705,2551,3.62,购车攻略,https://www.bilibili.com/video/BV1BN92YeEuj
744,汽车底盘哪家强,http://i0.hdslb.com/bfs/archive/0578f31e58e7ba84f22f9ef0552e046eec82999c.jpg,BV1CS91YyEJh,汽车、底盘、汽车制造、汽车知识、汽车底盘、带你懂车,926,44192,47.72,汽车生活,https://www.bilibili.com/video/BV1CS91YyEJh
17674,【街霸6】2024CPT总决赛小组赛阶段H组 KUSANAGI VS LEXX,http://i1.hdslb.com/bfs/archive/9a830d2e15b8e5ed054d6fd9b50155eefdbca791.jpg,BV1yQ91YVEkR,街头霸王、街霸、电子竞技、麦麦肯、古典麦麦、格斗游戏、街头霸王6、街霸6、SF6,2955,75020,25.39,电子竞技,https://www.bilibili.com/video/BV1yQ91YVEkR
876,模型日记｜万代MG飞翼零式高达(EW) Ver.ka (基地钛限定版),http://i0.hdslb.com/bfs/archive/3522c8ef17d53f6c9b27e237db83a4070f7e216a.jpg,BV1vt9oYbEdr,发现《Sky.High - feelings（remix）（懶leo remix）》、带着周边模玩一起跨年、高达模型、MG、模型制作、机动战士高达、万代、模型、胶佬、周边模玩跨年总动员,10,4012,401.2,模玩·周边,https://www.bilibili.com/video/BV1vt9oYbEdr
6,好听，爱听。,http://i1.hdslb.com/bfs/archive/a5cd60ab54a8e9c927c6fe3877a71ad92a4acd84.jpg,BV1jN92YvE9x,发现《天若有情》、BGM、游戏音乐、音乐,8,12,1.5,综合,https://www.bilibili.com/video/BV1jN92YvE9x
1052,被秘总硬控，城堡出了吗？没脾气了,http://i2.hdslb.com/bfs/archive/1eb00704545ee2fe050caa4742ecc360d0f0a7a9.jpg,BV1iN92YeEVE,发现《只对你有感觉》、生活记录、直播、娱乐,20,121,6.05,日常,https://www.bilibili.com/video/BV1iN92YeEVE
1780,bg[po更140]《京南婚事》作者：臣言,http://i1.hdslb.com/bfs/archive/45c321f5b430e7dbe2d5f6ed846251a1383e0c09.jpg,BV1dN92YeE21,发现《小美满》、小说、推文、好文推荐、每日推文,472,98,0.21,国产原创相关,https://www.bilibili.com/video/BV1dN92YeE21
22,早上八点半去面试 我后悔了、,http://i1.hdslb.com/bfs/archive/a8f00dc04951203847d45d398f8a322590afee13.jpg,BV1BN92YeEEg,吐槽,17,147,8.65,日常,https://www.bilibili.com/video/BV1BN92YeEEg
31,炸裂！马自达疯了！这价格买B级轿车EZ-6！还免税！ #合资新能源价值新标准ez6 #四好合资新能源马自达ez6 @长安马自达#千万置换礼开春大放价,http://i0.hdslb.com/bfs/archive/66d65ea43e87b4f43a5cbbd706b673817aa69243.jpg,BV1BN92YeEuj,马自达、汽车、轿车,705,2551,3.62,购车攻略,https://www.bilibili.com/video/BV1BN92YeEuj
744,汽车底盘哪家强,http://i0.hdslb.com/bfs/archive/0578f31e58e7ba84f22f9ef0552e046eec82999c.jpg,BV1CS91YyEJh,汽车、汽车制造、底盘、汽车知识、汽车底盘、带你懂车,926,44197,47.73,汽车生活,https://www.bilibili.com/video/BV1CS91YyEJh
17674,【街霸6】2024CPT总决赛小组赛阶段H组 KUSANAGI VS LEXX,http://i1.hdslb.com/bfs/archive/9a830d2e15b8e5ed054d6fd9b50155eefdbca791.jpg,BV1yQ91YVEkR,电子竞技、街头霸王、街霸、麦麦肯、古典麦麦、格斗游戏、街头霸王6、街霸6、SF6,2955,75021,25.39,电子竞技,https://www.bilibili.com/video/BV1yQ91YVEkR
876,模型日记｜万代MG飞翼零式高达(EW) Ver.ka (基地钛限定版),http://i0.hdslb.com/bfs/archive/3522c8ef17d53f6c9b27e237db83a4070f7e216a.jpg,BV1vt9oYbEdr,发现《Sky.High - feelings（remix）（懶leo remix）》、带着周边模玩一起跨年、机动战士高达、MG、模型制作、高达模型、万代、模型、胶佬、周边模玩跨年总动员,10,4012,401.2,模玩·周边,https://www.bilibili.com/video/BV1vt9oYbEdr
6,好听，爱听。,http://i1.hdslb.com/bfs/archive/a5cd60ab54a8e9c927c6fe3877a71ad92a4acd84.jpg,BV1jN92YvE9x,发现《天若有情》、游戏音乐、音乐、BGM,8,12,1.5,综合,https://www.bilibili.com/video/BV1jN92YvE9x
0,凤凰花开,http://i2.hdslb.com/bfs/archive/1eae44695b2640ef57baaae27c9703f6fb52cbe0.jpg,BV1oN92YeEud,发现《小宇》、上B站看播客、风景、生活记录、记录,1,0,0.0,日常,https://www.bilibili.com/video/BV1oN92YeEud
75,我愿能以后 捉紧你的手。,http://i1.hdslb.com/bfs/archive/7af57d396b4b8ba686ce85451b110f52c6f5cd3f.jpg,BV1qN92YeEMj,发现《赛勒斯的爱 (0.9X)》、德蔡兼贝、坤颖,28,3685,131.61,娱乐粉丝创作,https://www.bilibili.com/video/BV1qN92YeEMj
57,哦,http://i2.hdslb.com/bfs/archive/c26ca88ac4ee43329939d877d4f8fbe56a3d1c6d.jpg,BV1qT92YAEpa,生活记录、直播、记录,925,406,0.44,网络游戏,https://www.bilibili.com/video/BV1qT92YAEpa
5,早晨第一练,http://i1.hdslb.com/bfs/archive/facd73f5c92e78e39e5487e1c2f44c2df3dbbbb0.jpg,BV1BN92YeEAL,发现《In da Club》、健身、训练,4,10,2.5,健身,https://www.bilibili.com/video/BV1BN92YeEAL
22,早上八点半去面试 我后悔了、,http://i1.hdslb.com/bfs/archive/a8f00dc04951203847d45d398f8a322590afee13.jpg,BV1BN92YeEEg,吐槽,17,147,8.65,日常,https://www.bilibili.com/video/BV1BN92YeEEg
31,炸裂！马自达疯了！这价格买B级轿车EZ-6！还免税！ #合资新能源价值新标准ez6 #四好合资新能源马自达ez6 @长安马自达#千万置换礼开春大放价,http://i0.hdslb.com/bfs/archive/66d65ea43e87b4f43a5cbbd706b673817aa69243.jpg,BV1BN92YeEuj,汽车、马自达、轿车,705,2551,3.62,购车攻略,https://www.bilibili.com/video/BV1BN92YeEuj
744,汽车底盘哪家强,http://i0.hdslb.com/bfs/archive/0578f31e58e7ba84f22f9ef0552e046eec82999c.jpg,BV1CS91YyEJh,汽车、底盘、汽车制造、汽车知识、汽车底盘、带你懂车,926,44197,47.73,汽车生活,https://www.bilibili.com/video/BV1CS91YyEJh
17674,【街霸6】2024CPT总决赛小组赛阶段H组 KUSANAGI VS LEXX,http://i1.hdslb.com/bfs/archive/9a830d2e15b8e5ed054d6fd9b50155eefdbca791.jpg,BV1yQ91YVEkR,电子竞技、街霸、街头霸王、麦麦肯、古典麦麦、格斗游戏、街头霸王6、街霸6、SF6,2955,75021,25.39,电子竞技,https://www.bilibili.com/video/BV1yQ91YVEkR
876,模型日记｜万代MG飞翼零式高达(EW) Ver.ka (基地钛限定版),http://i0.hdslb.com/bfs/archive/3522c8ef17d53f6c9b27e237db83a4070f7e216a.jpg,BV1vt9oYbEdr,发现《Sky.High - feelings（remix）（懶leo remix）》、带着周边模玩一起跨年、模型制作、MG、机动战士高达、万代、高达模型、模型、胶佬、周边模玩跨年总动员,10,4012,401.2,模玩·周边,https://www.bilibili.com/video/BV1vt9oYbEdr
6,好听，爱听。,http://i1.hdslb.com/bfs/archive/a5cd60ab54a8e9c927c6fe3877a71ad92a4acd84.jpg,BV1jN92YvE9x,发现《天若有情》、游戏音乐、音乐、BGM,8,12,1.5,综合,https://www.bilibili.com/video/BV1jN92YvE9x
75,我愿能以后 捉紧你的手。,http://i1.hdslb.com/bfs/archive/7af57d396b4b8ba686ce85451b110f52c6f5cd3f.jpg,BV1qN92YeEMj,发现《赛勒斯的爱 (0.9X)》、德蔡兼贝、坤颖,28,3685,131.61,娱乐粉丝创作,https://www.bilibili.com/video/BV1qN92YeEMj
5,早晨第一练,http://i1.hdslb.com/bfs/archive/facd73f5c92e78e39e5487e1c2f44c2df3dbbbb0.jpg,BV1BN92YeEAL,发现《In da Club》、健身、训练,4,10,2.5,健身,https://www.bilibili.com/video/BV1BN92YeEAL
744,汽车底盘哪家强,http://i0.hdslb.com/bfs/archive/0578f31e58e7ba84f22f9ef0552e046eec82999c.jpg,BV1CS91YyEJh,汽车、汽车制造、底盘、汽车知识、汽车底盘、带你懂车,926,44192,47.72,汽车生活,https://www.bilibili.com/video/BV1CS91YyEJh
17674,【街霸6】2024CPT总决赛小组赛阶段H组 KUSANAGI VS LEXX,http://i1.hdslb.com/bfs/archive/9a830d2e15b8e5ed054d6fd9b50155eefdbca791.jpg,BV1yQ91YVEkR,电子竞技、街头霸王、街霸、麦麦肯、古典麦麦、格斗游戏、街头霸王6、街霸6、SF6,2955,75021,25.39,电子竞技,https://www.bilibili.com/video/BV1yQ91YVEkR
876,模型日记｜万代MG飞翼零式高达(EW) Ver.ka (基地钛限定版),http://i0.hdslb.com/bfs/archive/3522c8ef17d53f6c9b27e237db83a4070f7e216a.jpg,BV1vt9oYbEdr,发现《Sky.High - feelings（remix）（懶leo remix）》、带着周边模玩一起跨年、机动战士高达、高达模型、万代、MG、模型制作、模型、胶佬、周边模玩跨年总动员,10,4012,401.2,模玩·周边,https://www.bilibili.com/video/BV1vt9oYbEdr
6,好听，爱听。,http://i1.hdslb.com/bfs/archive/a5cd60ab54a8e9c927c6fe3877a71ad92a4acd84.jpg,BV1jN92YvE9x,发现《天若有情》、游戏音乐、音乐、BGM,8,12,1.5,综合,https://www.bilibili.com/video/BV1jN92YvE9x
0,凤凰花开,http://i2.hdslb.com/bfs/archive/1eae44695b2640ef57baaae27c9703f6fb52cbe0.jpg,BV1oN92YeEud,发现《小宇》、上B站看播客、风景、生活记录、记录,1,0,0.0,日常,https://www.bilibili.com/video/BV1oN92YeEud
75,我愿能以后 捉紧你的手。,http://i1.hdslb.com/bfs/archive/7af57d396b4b8ba686ce85451b110f52c6f5cd3f.jpg,BV1qN92YeEMj,发现《赛勒斯的爱 (0.9X)》、德蔡兼贝、坤颖,28,3684,131.57,娱乐粉丝创作,https://www.bilibili.com/video/BV1qN92YeEMj
5,早晨第一练,http://i1.hdslb.com/bfs/archive/facd73f5c92e78e39e5487e1c2f44c2df3dbbbb0.jpg,BV1BN92YeEAL,发现《In da Club》、健身、训练,4,10,2.5,健身,https://www.bilibili.com/video/BV1BN92YeEAL
13,蔚蓝档案二创-老师睡了3年1,http://i2.hdslb.com/bfs/archive/cdbc0ac34ab8415ab9afdd5ef544b82aba39c7c5.jpg,BV1vT92YAEW6,发现《Aoharu》、剧情、活动、碧蓝档案,8,67,8.38,单机游戏,https://www.bilibili.com/video/BV1vT92YAEW6
876,模型日记｜万代MG飞翼零式高达(EW) Ver.ka (基地钛限定版),http://i0.hdslb.com/bfs/archive/3522c8ef17d53f6c9b27e237db83a4070f7e216a.jpg,BV1vt9oYbEdr,发现《Sky.High - feelings（remix）（懶leo remix）》、带着周边模玩一起跨年、高达模型、模型制作、机动战士高达、万代、MG、模型、胶佬、周边模玩跨年总动员,10,4012,401.2,模玩·周边,https://www.bilibili.com/video/BV1vt9oYbEdr
6,好听，爱听。,http://i1.hdslb.com/bfs/archive/a5cd60ab54a8e9c927c6fe3877a71ad92a4acd84.jpg,BV1jN92YvE9x,发现《天若有情》、BGM、游戏音乐、音乐,8,12,1.5,综合,https://www.bilibili.com/video/BV1jN92YvE9x
0,凤凰花开,http://i2.hdslb.com/bfs/archive/1eae44695b2640ef57baaae27c9703f6fb52cbe0.jpg,BV1oN92YeEud,发现《小宇》、上B站看播客、风景、生活记录、记录,1,0,0.0,日常,https://www.bilibili.com/video/BV1oN92YeEud
1052,被秘总硬控，城堡出了吗？没脾气了,http://i2.hdslb.com/bfs/archive/1eb00704545ee2fe050caa4742ecc360d0f0a7a9.jpg,BV1iN92YeEVE,发现《只对你有感觉》、生活记录、直播、娱乐,20,121,6.05,日常,https://www.bilibili.com/video/BV1iN92YeEVE
75,我愿能以后 捉紧你的手。,http://i1.hdslb.com/bfs/archive/7af57d396b4b8ba686ce85451b110f52c6f5cd3f.jpg,BV1qN92YeEMj,发现《赛勒斯的爱 (0.9X)》、德蔡兼贝、坤颖,28,3685,131.61,娱乐粉丝创作,https://www.bilibili.com/video/BV1qN92YeEMj
5,早晨第一练,http://i1.hdslb.com/bfs/archive/facd73f5c92e78e39e5487e1c2f44c2df3dbbbb0.jpg,BV1BN92YeEAL,发现《In da Club》、健身、训练,4,10,2.5,健身,https://www.bilibili.com/video/BV1BN92YeEAL
1,报告，恶毒女配上线了~,http://i1.hdslb.com/bfs/archive/db98159b8764b393fac6249220ea013888d8a976.jpg,BV1iN92YeEkE,美女、影视剪辑、女神,22,15,0.68,日常,https://www.bilibili.com/video/BV1iN92YeEkE
5,早晨第一练,http://i1.hdslb.com/bfs/archive/facd73f5c92e78e39e5487e1c2f44c2df3dbbbb0.jpg,BV1BN92YeEAL,发现《In da Club》、健身、训练,4,10,2.5,健身,https://www.bilibili.com/video/BV1BN92YeEAL
2,无我(1),http://i1.hdslb.com/bfs/archive/924060c638f46bcc4cb9b9ac928ea46739202ba1.jpg,BV1qN92YeErS,发现《MELANCHOLY》、娱乐、原创、新人向,13,2,0.15,日常,https://www.bilibili.com/video/BV1qN92YeErS
7,狂揽900亿元！人形机器人独角兽，中央汇金爆买6400万股，下一个10天10板杭钢股份！,http://i1.hdslb.com/bfs/archive/f9677cb4b55800a6b2f9e1ae35252cf61e2bcf99.jpg,BV1BN92YeEMz,发现《Visions》、财经、投资、股票、股市、A股,10,25,2.5,财经商业,https://www.bilibili.com/video/BV1BN92YeEMz
1,报告，恶毒女配上线了~,http://i1.hdslb.com/bfs/archive/db98159b8764b393fac6249220ea013888d8a976.jpg,BV1iN92YeEkE,美女、影视剪辑、女神,22,15,0.68,日常,https://www.bilibili.com/video/BV1iN92YeEkE
2,无我(1),http://i1.hdslb.com/bfs/archive/924060c638f46bcc4cb9b9ac928ea46739202ba1.jpg,BV1qN92YeErS,发现《MELANCHOLY》、原创、娱乐、新人向,13,2,0.15,日常,https://www.bilibili.com/video/BV1qN92YeErS
7,狂揽900亿元！人形机器人独角兽，中央汇金爆买6400万股，下一个10天10板杭钢股份！,http://i1.hdslb.com/bfs/archive/f9677cb4b55800a6b2f9e1ae35252cf61e2bcf99.jpg,BV1BN92YeEMz,发现《Visions》、财经、股市、投资、股票、A股,10,25,2.5,财经商业,https://www.bilibili.com/video/BV1BN92YeEMz
83,杭州诸坞骑行,http://i0.hdslb.com/bfs/archive/8bc1d8d3c471f8b9a7411ae8d14265a14d0e7c77.jpg,BV1iN92YeEJy,发现《夏天的雨（Summer rain）（钢琴曲）》、骑行、公路车、捷安特、记录、杭州、原神,16,473,29.56,运动综合,https://www.bilibili.com/video/BV1iN92YeEJy
11,赵丽颖新剧造型曝光，惊艳了时光,http://i0.hdslb.com/bfs/archive/8837d1b6f73cfb30ab8f243ee730f1dc4baa00d7.jpg,BV1qN92YeEMJ,发现《Next Time Maybe (a)》、赵丽颖、电影、向阳花,81,1275,15.74,预告·资讯,https://www.bilibili.com/video/BV1qN92YeEMJ
7,狂揽900亿元！人形机器人独角兽，中央汇金爆买6400万股，下一个10天10板杭钢股份！,http://i1.hdslb.com/bfs/archive/f9677cb4b55800a6b2f9e1ae35252cf61e2bcf99.jpg,BV1BN92YeEMz,发现《Visions》、财经、股市、投资、股票、A股,10,25,2.5,财经商业,https://www.bilibili.com/video/BV1BN92YeEMz
83,杭州诸坞骑行,http://i0.hdslb.com/bfs/archive/8bc1d8d3c471f8b9a7411ae8d14265a14d0e7c77.jpg,BV1iN92YeEJy,发现《夏天的雨（Summer rain）（钢琴曲）》、骑行、公路车、捷安特、记录、杭州、原神,16,473,29.56,运动综合,https://www.bilibili.com/video/BV1iN92YeEJy
11,赵丽颖新剧造型曝光，惊艳了时光,http://i0.hdslb.com/bfs/archive/8837d1b6f73cfb30ab8f243ee730f1dc4baa00d7.jpg,BV1qN92YeEMJ,发现《Next Time Maybe (a)》、赵丽颖、电影、向阳花,81,1275,15.74,预告·资讯,https://www.bilibili.com/video/BV1qN92YeEMJ
386,“你不在的时世界，一切都没有意义。”,http://i2.hdslb.com/bfs/archive/d54d454b2e96462745d808e7a8536a6813fe8a1d.jpg,BV1qN92YeESG,发现《Nothing's New - Rio Romeo(Speed up)》、灵魂COS大赏、MV、cozmez、Paradox live、矢户乃上珂波汰、矢户乃上那由汰、二次元春游计划,28,42182,1506.5,仿妆cos,https://www.bilibili.com/video/BV1qN92YeESG
155,似锦镜头下鲜活的女性角色 # 新月耀星河,http://i0.hdslb.com/bfs/archive/f734ddad0c2ba6703e0bdb334d57c627b8781fe8.jpg,BV1vT92YAEYK,发现《Once Upon a Time》、短剧种草计划、女性、美女,496,3057,6.16,小剧场,https://www.bilibili.com/video/BV1vT92YAEYK
21,记录一下,http://i2.hdslb.com/bfs/archive/5406363559339dd086af13f07498cbff68c187ea.jpg,BV1BN92YeETZ,发现《量子叠加态》、第一视角、游戏实况、娱乐,4,52,13.0,出行,https://www.bilibili.com/video/BV1BN92YeETZ
6,_有些爱需要勇气-更需要认同还好结局是好的……-双男主-日剧,http://i1.hdslb.com/bfs/archive/0294361b7c8e366e1528a6a3508d42b445ac88fa.jpg,BV1AS91Y1EmR,发现《忘了》、日剧、爱情、男人,11,307,27.91,影视杂谈,https://www.bilibili.com/video/BV1AS91Y1EmR
22968,学雅思没意义？脑子一热去学了雅思，没想到被财神爷选中了！！！！,http://i2.hdslb.com/bfs/archive/2d9aa01ebc175a00ab61d6ad94dd21bdbd07e1b3.jpg,BV1iN92YvE67,发现《I Wanna Be》、知识、雅思、分手吧雅思、雅思口语、雅思听力、雅思阅读、雅思写作、雅思考试、雅思自学、考雅思,51,28308,555.06,校园学习,https://www.bilibili.com/video/BV1iN92YvE67
526,地铁有宝子的投喂，还有哥哥带我看特效！双倍快乐！！！,http://i2.hdslb.com/bfs/archive/5e9d9b127e20633331bcc2f431763e4d083bb090.jpg,BV1dN92YeEk8,发现《王者荣耀 - 山海有灵》、地铁、特效、直播、和平、冒险游戏、开箱、哥哥、开心、主播、投喂,14,105,7.5,配音,https://www.bilibili.com/video/BV1dN92YeEk8
4378,龙门架：有大鱼上钩,http://i0.hdslb.com/bfs/archive/56d6f34c9ab254cac3a9aab0c6a1c631e5bda588.jpg,BV1qN92YeEdH,健身、健美、肌肉,573,1473166,2570.97,健身,https://www.bilibili.com/video/BV1qN92YeEdH
39462,我：你现在不想退货想退款是嘛？momo：是的！！,http://i0.hdslb.com/bfs/archive/4d28c5dc6ec861f33ab5afa99a88f83a4ffa5e99.jpg,BV1qN92YeE6E,猫meme小剧场、搞笑、生活记录、家居、猫meme、客服的命也是命、记录、电商、沙雕,376,924138,2457.81,喵星人,https://www.bilibili.com/video/BV1qN92YeE6E
526,地铁有宝子的投喂，还有哥哥带我看特效！双倍快乐！！！,http://i2.hdslb.com/bfs/archive/5e9d9b127e20633331bcc2f431763e4d083bb090.jpg,BV1dN92YeEk8,发现《王者荣耀 - 山海有灵》、直播、冒险游戏、特效、开箱、地铁、和平、投喂、开心、主播、哥哥,14,105,7.5,配音,https://www.bilibili.com/video/BV1dN92YeEk8
4378,龙门架：有大鱼上钩,http://i0.hdslb.com/bfs/archive/56d6f34c9ab254cac3a9aab0c6a1c631e5bda588.jpg,BV1qN92YeEdH,健美、健身、肌肉,573,1473166,2570.97,健身,https://www.bilibili.com/video/BV1qN92YeEdH
39462,我：你现在不想退货想退款是嘛？momo：是的！！,http://i0.hdslb.com/bfs/archive/4d28c5dc6ec861f33ab5afa99a88f83a4ffa5e99.jpg,BV1qN92YeE6E,猫meme小剧场、搞笑、家居、生活记录、猫meme、客服的命也是命、电商、记录、沙雕,376,924138,2457.81,喵星人,https://www.bilibili.com/video/BV1qN92YeE6E
362,编号107 三国杀谋诸葛死绑账号价格25米,http://i1.hdslb.com/bfs/archive/0f525bf6bd41bfbef054d7cc2181a81a31dd8494.jpg,BV1qN92YeErD,发现《House of Lightning》、三国杀、三国、桌游棋牌、卡牌游戏、三国杀移动版,343,1371,4.0,桌游棋牌,https://www.bilibili.com/video/BV1qN92YeErD
290,闪电十一人,http://i0.hdslb.com/bfs/archive/6cc6ce6326c7cb14a6d0a66084e17dd0ed9c8b4a.jpg,BV1qN92YeEkM,闪电十一人,757,5055,6.68,影视杂谈,https://www.bilibili.com/video/BV1qN92YeEkM
39462,我：你现在不想退货想退款是嘛？momo：是的！！,http://i0.hdslb.com/bfs/archive/4d28c5dc6ec861f33ab5afa99a88f83a4ffa5e99.jpg,BV1qN92YeE6E,猫meme小剧场、搞笑、家居、生活记录、猫meme、客服的命也是命、电商、沙雕、记录,376,924139,2457.82,喵星人,https://www.bilibili.com/video/BV1qN92YeE6E
24,步战车大杀四方,http://i1.hdslb.com/bfs/archive/d7d4084750c0ab8a410f87303648806f9034f44d.jpg,BV1vT92YAEWm,三角洲游戏精彩时刻！、车组、三角洲行动、刷分、步战车、老黑、攀升,41,182,4.44,电子竞技,https://www.bilibili.com/video/BV1vT92YAEWm
155,似锦镜头下鲜活的女性角色 # 新月耀星河,http://i0.hdslb.com/bfs/archive/f734ddad0c2ba6703e0bdb334d57c627b8781fe8.jpg,BV1vT92YAEYK,发现《Once Upon a Time》、短剧种草计划、女性、美女,496,3057,6.16,小剧场,https://www.bilibili.com/video/BV1vT92YAEYK
1439,【省400元】大疆摄像机_大疆 DJI Osmo Action 4 运动相机 action4 骑行户外潜水滑雪钓鱼冲浪挂脖 vlog 手持相机 Action4,http://i1.hdslb.com/bfs/archive/3a9587a6fc7bdd63b574e0a9f71336b3da1c1292.jpg,BV1BN92YeEEE,摄影、大疆、运动相机,794,890,1.12,数码,https://www.bilibili.com/video/BV1BN92YeEEE
270,月半三斤肉肉 痛并快落着 承认错误但不改……,http://i0.hdslb.com/bfs/archive/ff3bdd081f8e28a2e17f6516d632dcd5bb4c5265.jpg,BV1iN92YeE4m,发现《《舌尖上的中国》片头音乐》、美食踏春尝鲜季、生活记录、吃货、探店、Vlog、BILIBILI美食研究所-踏春尝鲜季,303,4513,14.89,美食记录,https://www.bilibili.com/video/BV1iN92YeE4m
24,步战车大杀四方,http://i1.hdslb.com/bfs/archive/d7d4084750c0ab8a410f87303648806f9034f44d.jpg,BV1vT92YAEWm,三角洲游戏精彩时刻！、车组、三角洲行动、步战车、刷分、老黑、攀升,41,182,4.44,电子竞技,https://www.bilibili.com/video/BV1vT92YAEWm
155,似锦镜头下鲜活的女性角色 # 新月耀星河,http://i0.hdslb.com/bfs/archive/f734ddad0c2ba6703e0bdb334d57c627b8781fe8.jpg,BV1vT92YAEYK,发现《Once Upon a Time》、短剧种草计划、女性、美女,496,3058,6.17,小剧场,https://www.bilibili.com/video/BV1vT92YAEYK
21,记录一下,http://i2.hdslb.com/bfs/archive/5406363559339dd086af13f07498cbff68c187ea.jpg,BV1BN92YeETZ,发现《量子叠加态》、第一视角、游戏实况、娱乐,4,52,13.0,出行,https://www.bilibili.com/video/BV1BN92YeETZ
386,“你不在的时世界，一切都没有意义。”,http://i2.hdslb.com/bfs/archive/d54d454b2e96462745d808e7a8536a6813fe8a1d.jpg,BV1qN92YeESG,发现《Nothing's New - Rio Romeo(Speed up)》、灵魂COS大赏、MV、cozmez、Paradox live、矢户乃上珂波汰、矢户乃上那由汰、二次元春游计划,28,42182,1506.5,仿妆cos,https://www.bilibili.com/video/BV1qN92YeESG
362,编号107 三国杀谋诸葛死绑账号价格25米,http://i1.hdslb.com/bfs/archive/0f525bf6bd41bfbef054d7cc2181a81a31dd8494.jpg,BV1qN92YeErD,发现《House of Lightning》、三国、三国杀、桌游棋牌、卡牌游戏、三国杀移动版,343,1371,4.0,桌游棋牌,https://www.bilibili.com/video/BV1qN92YeErD
290,闪电十一人,http://i0.hdslb.com/bfs/archive/6cc6ce6326c7cb14a6d0a66084e17dd0ed9c8b4a.jpg,BV1qN92YeEkM,闪电十一人,757,5055,6.68,影视杂谈,https://www.bilibili.com/video/BV1qN92YeEkM
1439,【省400元】大疆摄像机_大疆 DJI Osmo Action 4 运动相机 action4 骑行户外潜水滑雪钓鱼冲浪挂脖 vlog 手持相机 Action4,http://i1.hdslb.com/bfs/archive/3a9587a6fc7bdd63b574e0a9f71336b3da1c1292.jpg,BV1BN92YeEEE,摄影、运动相机、大疆,794,890,1.12,数码,https://www.bilibili.com/video/BV1BN92YeEEE
270,月半三斤肉肉 痛并快落着 承认错误但不改……,http://i0.hdslb.com/bfs/archive/ff3bdd081f8e28a2e17f6516d632dcd5bb4c5265.jpg,BV1iN92YeE4m,发现《《舌尖上的中国》片头音乐》、美食踏春尝鲜季、吃货、生活记录、探店、Vlog、BILIBILI美食研究所-踏春尝鲜季,303,4513,14.89,美食记录,https://www.bilibili.com/video/BV1iN92YeE4m
290,闪电十一人,http://i0.hdslb.com/bfs/archive/6cc6ce6326c7cb14a6d0a66084e17dd0ed9c8b4a.jpg,BV1qN92YeEkM,闪电十一人,757,5055,6.68,影视杂谈,https://www.bilibili.com/video/BV1qN92YeEkM
1439,【省400元】大疆摄像机_大疆 DJI Osmo Action 4 运动相机 action4 骑行户外潜水滑雪钓鱼冲浪挂脖 vlog 手持相机 Action4,http://i1.hdslb.com/bfs/archive/3a9587a6fc7bdd63b574e0a9f71336b3da1c1292.jpg,BV1BN92YeEEE,摄影、大疆、运动相机,794,890,1.12,数码,https://www.bilibili.com/video/BV1BN92YeEEE
270,月半三斤肉肉 痛并快落着 承认错误但不改……,http://i0.hdslb.com/bfs/archive/ff3bdd081f8e28a2e17f6516d632dcd5bb4c5265.jpg,BV1iN92YeE4m,发现《《舌尖上的中国》片头音乐》、美食踏春尝鲜季、生活记录、吃货、探店、Vlog、BILIBILI美食研究所-踏春尝鲜季,303,4513,14.89,美食记录,https://www.bilibili.com/video/BV1iN92YeE4m
24,步战车大杀四方,http://i1.hdslb.com/bfs/archive/d7d4084750c0ab8a410f87303648806f9034f44d.jpg,BV1vT92YAEWm,三角洲游戏精彩时刻！、车组、三角洲行动、步战车、刷分、老黑、攀升,41,182,4.44,电子竞技,https://www.bilibili.com/video/BV1vT92YAEWm
155,似锦镜头下鲜活的女性角色 # 新月耀星河,http://i0.hdslb.com/bfs/archive/f734ddad0c2ba6703e0bdb334d57c627b8781fe8.jpg,BV1vT92YAEYK,发现《Once Upon a Time》、短剧种草计划、女性、美女,496,3058,6.17,小剧场,https://www.bilibili.com/video/BV1vT92YAEYK
21,记录一下,http://i2.hdslb.com/bfs/archive/5406363559339dd086af13f07498cbff68c187ea.jpg,BV1BN92YeETZ,发现《量子叠加态》、娱乐、第一视角、游戏实况,4,52,13.0,出行,https://www.bilibili.com/video/BV1BN92YeETZ
6,_有些爱需要勇气-更需要认同还好结局是好的……-双男主-日剧,http://i1.hdslb.com/bfs/archive/0294361b7c8e366e1528a6a3508d42b445ac88fa.jpg,BV1AS91Y1EmR,发现《忘了》、日剧、爱情、男人,11,307,27.91,影视杂谈,https://www.bilibili.com/video/BV1AS91Y1EmR
386,“你不在的时世界，一切都没有意义。”,http://i2.hdslb.com/bfs/archive/d54d454b2e96462745d808e7a8536a6813fe8a1d.jpg,BV1qN92YeESG,发现《Nothing's New - Rio Romeo(Speed up)》、灵魂COS大赏、MV、cozmez、Paradox live、矢户乃上珂波汰、矢户乃上那由汰、二次元春游计划,28,42182,1506.5,仿妆cos,https://www.bilibili.com/video/BV1qN92YeESG
362,编号107 三国杀谋诸葛死绑账号价格25米,http://i1.hdslb.com/bfs/archive/0f525bf6bd41bfbef054d7cc2181a81a31dd8494.jpg,BV1qN92YeErD,发现《House of Lightning》、三国、三国杀、桌游棋牌、卡牌游戏、三国杀移动版,343,1371,4.0,桌游棋牌,https://www.bilibili.com/video/BV1qN92YeErD
290,闪电十一人,http://i0.hdslb.com/bfs/archive/6cc6ce6326c7cb14a6d0a66084e17dd0ed9c8b4a.jpg,BV1qN92YeEkM,闪电十一人,757,5055,6.68,影视杂谈,https://www.bilibili.com/video/BV1qN92YeEkM
1439,【省400元】大疆摄像机_大疆 DJI Osmo Action 4 运动相机 action4 骑行户外潜水滑雪钓鱼冲浪挂脖 vlog 手持相机 Action4,http://i1.hdslb.com/bfs/archive/3a9587a6fc7bdd63b574e0a9f71336b3da1c1292.jpg,BV1BN92YeEEE,摄影、大疆、运动相机,795,890,1.12,数码,https://www.bilibili.com/video/BV1BN92YeEEE
