"up_mid","视频标题","视频链接","bvid","播放数","弹幕数","投币数","点赞数","分享数","收藏数","cid","分区","封面","时长（秒）","粉丝数","历史点赞数","历史稿件数","p_rating","源文件","封面评论","trending","emotion","visual","creativity"
3546385454467834,"AWM天平座","https://www.bilibili.com/video/BV1o5XWYKEoc","BV1o5XWYKEoc",22,0,0,1,0,1,29012461252,"手机游戏","http://i1.hdslb.com/bfs/archive/2529dea94c2f61553765bb92aba12e4240b8be60.jpg",325,57,299,218,1.371559633027523,"merged.csv","图中无标题文字。画面构图以卡通风格为主，中心是一个手持粉色枪械的Q版角色，背景为沙漠场景，色彩明亮且对比度高，主要以粉色、绿色和黄色为主。吸睛元素为角色手中的枪械和鲜艳的服饰。整体感觉活泼、可爱，具有游戏或动画风格的趣味性。",0.65,0.72,0.88,0.75
1458216848,"แค่เรียกหา (Call My Name) 只要呼唤 ——SkyNani（逐词翻译+中文音译+罗马音）","https://www.bilibili.com/video/BV1TvXWYQEVp","BV1TvXWYQEVp",317,0,3,18,0,10,29010167370,"音乐综合","http://i0.hdslb.com/bfs/archive/b7b26f85d7b9c3d3ba990cb24327e2a403844f8f.jpg",212,5934,37413,407,91.92383292383292,"merged.csv","图中有标题文字，内容为“Call My Name”和“SkyNani”，字体较大，为粗体无衬线字体，颜色为白色，背景为红色。画面构图为两个人物在室内场景中互动，色彩风格偏向复古红蓝配色，吸睛元素是人物的表情和动作。整体感觉戏剧化且充满张力。",0.58,0.69,0.76,0.68
1672352976,"“这苦短的爱就似坠跌升降机”|粤语版-《跳楼机》【Hi-Res】","https://www.bilibili.com/video/BV1uaXWY9E6g","BV1uaXWY9E6g",2376,1,3,30,3,23,29009248398,"音乐综合","http://i2.hdslb.com/bfs/archive/c39026263c396b6959566a5d908742acd9ac3df0.jpg",201,2981,63150,31,2037.0967741935483,"merged.csv","图中有标题文字，内容为“【跳楼机·粤语版】”，字体为白色，粗体，大小适中，位于画面顶部。画面构图以中央的女性形象为主视觉焦点，背景为充满霓虹灯光的电子屏幕效果，色彩风格鲜艳、对比强烈，以蓝色和粉色为主。吸睛元素包括女性形象、霓虹灯光和标题文字。整体感觉现代、动感且充满科技感。",0.73,0.81,0.85,0.79
3546755410954424,"Minecraft 爷【青】回  !! 【⭐️阿神❤️同款青鬼⭐️】被青鬼吓到 !! 【全员娇❤️喘中😂】你100%没看过  !! 超爆笑🤣  !! 全字幕","https://www.bilibili.com/video/BV1MaXWY9EpZ","BV1MaXWY9EpZ",26989,231,578,2641,121,1235,29007873039,"单机游戏","http://i2.hdslb.com/bfs/archive/e5bb017f9b8da406db6e0dcd3bcbdd31455f5999.jpg",2544,2161,3035,2,1517.5,"merged.csv","图中有标题文字，内容为“阿神阿神，背景音乐：全员娇喘中”。文字大小适中，样式为粗体，颜色为白色和黄色，带有黑色描边。

画面构图以两个卡通人物为主体，左侧人物为橙色头发、穿着棕色衣服，右侧人物为蓝色头发、穿着白色衣服。背景为浅蓝色和白色方块拼接风格。色彩风格鲜明，以蓝色、橙色和白色为主。吸睛元素包括人物夸张的表情和动作，以及标题文字的醒目位置。整体感觉活泼、幽默且充满动感。",0.82,0.89,0.91,0.84
3546874491439952,"速通酸碱盐必考方程式！看到就是赚到！","https://www.bilibili.com/video/BV1jfXWYKEXg","BV1jfXWYKEXg",23204,42,295,1035,141,1357,29008659376,"校园学习","http://i0.hdslb.com/bfs/archive/c4d1c7d1cc2f7671b2abc3d6b6b9537973a942c4.jpg",494,129,132,1,132.0,"merged.csv","图中有标题文字，内容为“酸碱盐必考方程式”，字体为白色，大小适中，样式为简洁的无衬线字体。画面构图为蓝色背景，文字居中，右下角有一个卡通形象（白发女孩），整体色彩风格简洁明快，蓝色背景与白色文字形成鲜明对比，吸睛元素为标题文字和卡通形象。整体感觉清新、直观，突出学习主题。",0.71,0.65,0.78,0.72
1805680,"林瓜瓜含泪A掉邪恶光环，到底发生了什么？魔兽争霸3","https://www.bilibili.com/video/BV1KJXsYQERA","BV1KJXsYQERA",14247,245,26,354,0,15,29007613557,"电子竞技","http://i2.hdslb.com/bfs/archive/9460f8e281561a1c26e49b3c5d6600b79697a674.jpg",1131,108130,1179394,2341,503.7992310978215,"merged.csv","图中有标题文字，文字为“含泪A掉 邪恶光环”，字体较大，白色底色带黑色描边，样式醒目。画面构图为《魔兽争霸3》游戏界面，色彩以绿色和深色调为主，充满战争氛围。吸睛元素包括游戏单位、建筑和战斗场景，整体感觉紧张刺激，具有竞技和策略感。",0.68,0.74,0.82,0.77
702946472,"“明天见” 才是最浪漫的三个字，我在辽宁等你。晚安~","https://www.bilibili.com/video/BV1uLXsYsEHu","BV1uLXsYsEHu",837,0,4,58,1,3,29007742247,"出行","http://i0.hdslb.com/bfs/archive/f6a1da0121031c2b9cea1b1451fa882ebbbd2726.jpg",16,114924,4493081,3329,1349.6788825473116,"merged.csv","图中有标题文字，内容为“辽宁大集”，字体为白色，大小适中，样式简洁。画面构图上，前景是盛开的红色野花，中景是起伏的山丘，远景是天空与海面的交界线。色彩风格以暖色调为主，红色与橙黄色渐变的天空形成对比，整体感觉宁静而自然。吸睛元素是前景的红色花海和远处的夕阳余晖。",0.62,0.78,0.75,0.66
3493141009140384,"只要不停产，就可以一直喝的“口粮茶”，价格都不超过200元","https://www.bilibili.com/video/BV1ULXsYWEqU","BV1ULXsYWEqU",2160,23,2,34,0,11,29007611217,"美食测评","http://i2.hdslb.com/bfs/archive/ec331dafcd014a1eb3a719d52221ebfff04e4de5.jpg",145,43097,199668,988,202.0931174089069,"merged.csv","图中有标题文字，内容为“只要不停产 就可以一直喝”，字体为粗体黑体，较大且醒目。画面构图为左右对称的两本红色封面书籍，中间夹着文字标题，书籍封面有复古风格的插画和文字。色彩风格以红色为主，辅以黑白插画和文字，整体感觉复古且具有宣传性质，吸睛元素为中间的标题文字和书籍封面的对称设计。",0.59,0.63,0.71,0.65
1957355600,"3个操作简单能学好数学的小技巧","https://www.bilibili.com/video/BV1kxXsY2EUD","BV1kxXsY2EUD",34,0,0,0,0,0,29007480152,"校园学习","http://i2.hdslb.com/bfs/archive/9734bed5e7c273d6d28e4166b22f316904cf9424.jpg",151,5453,9190,924,9.945887445887443,"merged.csv","图中有标题文字，内容为“3个操作简单能学好数学的小技巧”，字体为白色，背景为蓝色气泡框，字体大小适中，样式简洁明了。画面构图以人物为主，背景模糊，突出人物动作和标题；色彩风格以蓝色和白色为主，清新明亮；吸睛元素是标题气泡框和人物手势；整体感觉活泼、教育性强且易于吸引注意力。",0.67,0.72,0.79,0.73
1593520872,"笔记本装完系统左右键坏了，用胶带维修，拆装好几遍成功修好","https://www.bilibili.com/video/BV1P6XHY6EAK","BV1P6XHY6EAK",168,0,0,6,0,0,29006957718,"数码","http://i1.hdslb.com/bfs/archive/d9a0125f6d43058bda55b74251bb98fdff8c77fe.jpg",84,5140,197447,781,252.8130601792573,"merged.csv","图中无标题文字。画面构图为一人正在操作电子设备或零件，背景为工作台，桌面上散落着螺丝、工具和电子元件。色彩风格以深色调为主，工具和零件的金属光泽增加了视觉对比。吸睛元素为人物的手部动作和桌面上的细节特写，整体感觉专业、实用，具有技术性和动手操作的氛围。",0.55,0.61,0.68,0.62
3461578345155240,"【助眠】日本小姐姐温柔的耳语\掏耳\按摩（中日双语字幕）","https://www.bilibili.com/video/BV1NiXHYVEPn","BV1NiXHYVEPn",36,0,2,2,0,3,29006696426,"日常","http://i0.hdslb.com/bfs/archive/2de96efb3bf5207ebe0ca5c0e85cfe430fbb07b6.jpg",2421,34,367,63,5.825396825396825,"merged.csv","图中有标题文字，为“ASMR 中日双语字幕”，字体为白色，大小适中，采用简洁的无衬线字体。画面构图以人物面部特写为主，色彩风格柔和，主要以白色和淡粉色为主调。吸睛元素是人物的眼神和手中的物品（类似耳勺），整体感觉清新、治愈且具有亲和力。",0.75,0.85,0.9,0.8
3546393457199232,"逃离地狱预选赛5 | 真人快打1 | 第6赛季","https://www.bilibili.com/video/BV1ZQXHYwEJj","BV1ZQXHYwEJj",242,0,0,6,1,1,29003743827,"单机游戏","http://i2.hdslb.com/bfs/archive/19f749e5ea907f272c4e3750e536e443f69356ae.jpg",10713,2798,174128,2196,79.29326047358835,"merged.csv","图中有标题文字，内容为“SEASON 6 QUALIFIER5”，字体为粗体无衬线字体，颜色为白色，带有黄色和红色的高光效果，大小适中且醒目。画面构图以左侧人物形象和右侧标题为主，人物面部表情严肃，背景为蓝色调和暗色调的对比，吸睛元素包括人物的妆容、手势以及标题文字。整体感觉充满动感和紧张感，符合电子竞技或格斗游戏的主题。",0.82,0.78,0.85,0.75
3493262679607912,"活了快30年 被相亲男毁三观 被我拒绝之后 直接破防造我煌谣","https://www.bilibili.com/video/BV1shX6YbEN8","BV1shX6YbEN8",1487,1,4,22,0,6,28986770959,"美食制作","http://i0.hdslb.com/bfs/archive/3f82f43dbd4e991c9f5c5180f69328da2a53158b.jpg",1230,19804,501305,1217,411.9186524239934,"merged.csv","图中有标题文字，文字为“《一口气看完》我失手打我弟一下，我弟直接装瘫痪，道德绑架要我负责，替他买房买车养他”，字体为白色加粗，大小适中，背景为棕色纹理。构图简洁，左上角有箭头图案作为点缀。色彩风格以棕色为主，显得沉稳厚重。吸睛元素是标题文字和箭头图案，整体感觉幽默且带有讽刺意味。",0.7,0.65,0.6,0.55
1162452512,"何苏叶！伟大的引导型恋人！！！","https://www.bilibili.com/video/BV1MAXrYqE8x","BV1MAXrYqE8x",1047,0,0,64,0,11,28987099229,"娱乐杂谈","http://i1.hdslb.com/bfs/archive/bfb0cf51fcebe8450b123655e421540548884a91.jpg",27,2557,1353351,1879,720.250665247472,"merged.csv","图中无标题文字。画面构图为近景特写，主体为人物面部，背景模糊，突出人物表情。色彩风格柔和，以暖色调为主，营造出温馨氛围。吸睛元素为人物的眼神和面部表情，整体感觉细腻、深情且略带忧郁。",0.6,0.75,0.7,0.65
431216016,"【Teki美瞳测评】“爱人的眼睛是最小的海。”","https://www.bilibili.com/video/BV11eQfYLEUa","BV11eQfYLEUa",499,0,0,16,0,13,28955642700,"仿妆cos","http://i2.hdslb.com/bfs/archive/26cc21ba8abda9a16947a91a49c7fa2d75098551.jpg",46,15030,75771,192,394.640625,"merged.csv","图中有标题文字，文字为“最小的海”，字体为白色，大小适中，风格简洁明了。画面构图以一只眼睛为主体，眼睛中植入了蓝色隐形眼镜，视觉冲击力强。色彩风格以冷色调为主，蓝色和白色搭配干净、清爽。吸睛元素是放大且清晰的眼睛和隐形眼镜，整体感觉清新、梦幻且略带神秘感。",0.78,0.8,0.85,0.82
3461572087253048,"爆料！详细说杨和肖在一起的经过","https://www.bilibili.com/video/BV124QRYeEAB","BV124QRYeEAB",2425,2,2,26,4,12,28948106738,"娱乐杂谈","http://i0.hdslb.com/bfs/archive/0d20ddcb42f76ae02de00c7d26bd19f41b4751e3.jpg",537,3144,138641,621,223.25442834138485,"merged.csv","图中无标题文字。画面分为左右两部分，左侧为一位穿着浅蓝色上衣的女性，右侧为一位穿着黑色背心的男性，背景简单，主要以人物为主。构图对称，色彩柔和且对比鲜明，女性部分偏冷色调，男性部分偏暖色调。吸睛元素为人物表情和姿态，整体感觉轻松、生活化。",0.65,0.7,0.75,0.6
3546582785985016,"No4 在泰国遇到的形形色色的人和事04","https://www.bilibili.com/video/BV1dsXjYLE2r","BV1dsXjYLE2r",840,0,4,29,0,4,28930869021,"日常","http://i0.hdslb.com/bfs/archive/5f99b65e6ccc26aaae1675f8ecbbfca895312f00.jpg",855,13293,46003,274,167.8941605839416,"merged.csv","图中有标题文字，内容为“我在泰国遇见的那些人 04”，字体为白色，大小适中，采用简洁的无衬线字体。画面构图为人物特写，人物戴白色帽子和眼镜，表情严肃，背景为室内环境。色彩风格偏冷调，以灰蓝和白色为主。吸睛元素为人物面部表情和标题文字。整体感觉朴素、真实，带有一定的纪实感。",0.55,0.6,0.65,0.5
28848481,"Vol.459🍚厨房 [ lofi mix ]","https://www.bilibili.com/video/BV1YWXGY8E2i","BV1YWXGY8E2i",1209,0,10,62,2,43,28923724803,"音乐综合","http://i0.hdslb.com/bfs/archive/96e51dd8cd78b14944e99a2b19bdbbb32af67fca.jpg",3925,52259,168540,608,277.20394736842104,"merged.csv","图中无标题文字。画面构图为一位金发女性在厨房操作，背景为橱柜和植物，整体布局平衡。色彩风格柔和温馨，以暖色调为主，突出家庭氛围。吸睛元素为女性的侧脸和厨房的细节布置，整体感觉舒适、生活化且略带治愈感。",0.5,0.65,0.7,0.55
316762841,"【Koji】复归于衡，此任吾托付于汝","https://www.bilibili.com/video/BV1LWQ9YmEXE","BV1LWQ9YmEXE",972,0,1,28,1,2,28934669899,"短片","http://i0.hdslb.com/bfs/archive/7165fc444fcfc74498caedd1c575c4e0e7650019.jpg",295,60473,132749,426,311.6173708920188,"merged.csv","图中有标题文字，标题为“KOTT”，字体为红色，粗体大号，风格醒目。下方有“SUZANNE AWARD”和“BCON20 BEST SHORT FILM”字样，字体较小，为白色。画面构图简洁，以黑色背景为主，人物剪影位于中央偏下位置，手持长剑，姿态动态。色彩风格冷峻、对比强烈，吸睛元素为红色标题和人物剪影的动态姿势。整体感觉神秘、紧张且充满力量感。",0.72,0.68,0.75,0.7
220352273,"【高考倒计时77 天】气体等温变化实验，你真的无懈可击吗？一道题来看看自己的真正实力！","https://www.bilibili.com/video/BV1JdX5YjEWN","BV1JdX5YjEWN",2227,25,64,123,1,69,28935064493,"校园学习","http://i0.hdslb.com/bfs/archive/d606aa361fbb588571de7d418cd81b0c643d2726.jpg",749,28954,27968,212,131.9245283018868,"merged.csv","图中有标题文字，内容为“等温变化实验”，字体较大，居中位置，采用黑体或类似粗体样式。画面构图以文字为主，背景为浅色，上方有“Day42 探究等温情况下一定质量气体压强与体积的关系”的标题，下方有较小的说明文字和一个男性头像。色彩风格简洁明快，主要以白色和黑色为主，吸睛元素为大标题和头像。整体感觉专业且信息清晰。",0.68,0.72,0.65,0.6
156549177,"婚前焦虑的嘴硬未婚夫","https://www.bilibili.com/video/BV1QrXuYnEYH","BV1QrXuYnEYH",35034,11,41,5218,98,281,28918812404,"日常","http://i1.hdslb.com/bfs/archive/8e30691d5760e0e5ae213246fa347bbd83eab9ba.jpg",22,67279,649632,48,13534.0,"merged.csv","图中无标题文字。画面为聊天对话框截图，左侧为浅蓝色背景，右侧为白色背景，文字为黑色或黄色高亮。对话内容涉及日常交流和提醒，整体风格简洁明了，色彩对比鲜明。吸睛元素为黄色高亮文字，突出重要信息。整体感觉轻松、生活化，符合日常聊天场景。",0.75,0.82,0.85,0.78
404080121,"suna[无人声]吃糯叽叽大福纯享版，耳朵怀孕了～（剪掉吃水果部分）助眠","https://www.bilibili.com/video/BV1xMXTYKEEa","BV1xMXTYKEEa",3890,0,18,85,3,133,28916777911,"美食记录","http://i1.hdslb.com/bfs/archive/ed1b537d647a7d8b4a2dd3caa9a877a6959fba36.jpg",418,6941,63272,481,131.54261954261955,"merged.csv","图中无标题文字。画面构图中，主体为一位女性，位于画面中央偏左，背景为黑色，突出人物和前景的橙色物体（类似橙子或果冻）。色彩风格对比强烈，以黑色背景衬托橙色和白色（可能是衣服或装饰物），吸睛元素为前景的橙色物体和人物的动作（正在吃东西）。整体感觉活泼且具有生活气息，可能与美食或日常生活相关。",0.68,0.72,0.79,0.65
1940702417,"日本的未来15","https://www.bilibili.com/video/BV1zdQhY4E5F","BV1zdQhY4E5F",106,0,0,2,0,1,28900854537,"日常","http://i0.hdslb.com/bfs/archive/f828954831acac97040dbbf5ac989bf6de6d0a56.jpg",235,14852,101247,289,350.3356401384083,"merged.csv","图中无标题文字。画面构图为一人手持手机，镜头特写其手部和手机，背景模糊，突出主体。色彩风格以冷色调为主，白色、黑色和灰色占比大，营造简洁现代感。吸睛元素为人物手部动作和手机屏幕的反光。整体感觉简洁、科技感强，传递专注或互动的氛围。",0.45,0.38,0.6,0.55
4143984,"鲁迪再次重逢前女友！猫狗为何要决斗呢？《无职转生》剧情解说第十三卷下","https://www.bilibili.com/video/BV1udQ8YBEeS","BV1udQ8YBEeS",9516,238,880,1023,20,249,28893907005,"动漫杂谈","http://i1.hdslb.com/bfs/archive/abcaf53218e983b3ae6b47dfc2a81468a4a79496.jpg",2347,212979,1678376,253,6633.897233201581,"merged.csv","图中有标题文字，为“猫狗大战”，字体较大，颜色为白色，带红色描边，位于左上角。画面构图以两个表情夸张的角色为主，一个黑发角色和一个白发角色对峙，眼睛瞪大、表情愤怒。色彩风格鲜艳，对比强烈，主要以红色和白色为主。吸睛元素包括夸张的表情、动态的线条和鲜艳的颜色。整体感觉充满戏剧性和冲突感，具有漫画式的幽默与张力。",0.82,0.88,0.9,0.85
3070160,"「助眠温泉白噪音」Ancient Roman Bath Ambience | Water Bubble Sounds for Sleep, Study...","https://www.bilibili.com/video/BV1HaRjYtEfx","BV1HaRjYtEfx",20,0,0,0,0,1,28800059952,"日常","http://i1.hdslb.com/bfs/archive/287a49bea216793ad467099f20141dac4e93c988.jpg",28801,411,1217,156,7.801282051282051,"merged.csv","图中无标题文字。画面构图为对称式，中央是一个深邃的泳池，两侧是高大的石柱和墙面，顶部有暖黄色的灯光点缀。色彩风格以冷色调为主，泳池水面反射出微弱的光，整体氛围神秘而宁静。吸睛元素为泳池中央漂浮的不明物体和两侧石柱的光影效果。整体感觉阴郁、沉静且略带悬疑感。",0.55,0.62,0.7,0.58
28124865,"【齐司礼】穿衣口诀","https://www.bilibili.com/video/BV1MrRMYJERp","BV1MrRMYJERp",289,0,0,5,0,1,28787933360,"手机游戏","http://i2.hdslb.com/bfs/archive/6b76a438de127ea603432d6906c9441567621c9c.jpg",40,1769,91259,1347,67.74981440237565,"merged.csv","图中有标题文字，内容为“希望你真的把我说的穿衣口诀记在心里。”“不用着急，因为料想到这种情况，我预留了你手忙脚乱的时间。”“需要帮忙的话就叫我，我就在楼下。”文字为白色，字体大小适中，风格简洁。

画面构图为对话框形式，色彩风格温馨柔和，主要以粉色和白色为主。吸睛元素是对话框中的卡通人物形象，整体感觉轻松、可爱且富有生活气息。",0.78,0.8,0.83,0.75
592004400,"ドラフト候補者プロフィール④：須藤凜々花","https://www.bilibili.com/video/BV1MG9QYNEau","BV1MG9QYNEau",23,1,0,4,0,0,28741927754,"明星综合","http://i2.hdslb.com/bfs/archive/ba4af4ab2fe03fd8f9806e4e7219d0c413d4e56c.jpg",222,6194,40140,7123,5.635266039590061,"merged.csv","图中有标题文字，内容为“ダンス”，字体为白色，样式为简洁的无衬线字体，大小适中。画面构图以人物为主，人物位于中央偏左，背景为浅色墙面，色彩风格简洁明快。吸睛元素为人物的面部表情和手势，整体感觉清新自然、轻松活泼。",0.6,0.65,0.72,0.68
3546646617000070,"3.1  下  04  03","https://www.bilibili.com/video/BV1EFX4YVE8v","BV1EFX4YVE8v",124,0,0,0,0,0,29012791094,"手机游戏","http://i2.hdslb.com/bfs/archive/0d62870211c9249633f7f3a6e047840b8eb8a5b4.jpg",22,8,1549,542,2.857933579335793,"merged.csv","图中有标题文字，显示为“T. RESTOR”。文字大小适中，字体为简约的无衬线字体，颜色为白色，带有黑色描边，易于辨认。

画面构图为两名角色背对观众站立，左侧角色赤裸上身，右侧角色穿着长袍。背景为室内场景，色彩风格偏向复古与暗沉，以棕褐色和灰色为主。吸睛元素为角色的服饰细节和背景中的装饰品。整体感觉神秘且充满故事性，具有中世纪或奇幻风格。",0.5,0.55,0.65,0.6
693482621,"能救一个是一个，千万不要在多重施法里玩镜","https://www.bilibili.com/video/BV1oFX4YGEjY","BV1oFX4YGEjY",86907,45,16,1225,53,70,29012724686,"电子竞技","http://i2.hdslb.com/bfs/archive/4db77829fd665a0351c18345dd3f642eea28162b.jpg",130,23,249,35,7.114285714285714,"merged.csv","图中有标题文字，内容为“长歌怀采薇（镜）没赤过史的可以来多霞施法玩一下镜”，字体为白色，大小适中，采用简洁的无衬线字体。画面构图以深色背景为主，中央有一个蓝色圆形图标，图标内有白色线条图案，显得简约而神秘。整体色彩风格冷色调为主，吸睛元素是中央的蓝色图标和白色文字。整体感觉现代且略带科技感。",0.7,0.75,0.8,0.72
40919475,"美国六代机来了，F-47结果深度分析！","https://www.bilibili.com/video/BV1oEXWYYEct","BV1oEXWYYEct",642,0,0,16,0,1,29012460752,"科学科普","http://i2.hdslb.com/bfs/archive/c269cb32050d6fb6609dfe0e0149181407227906.jpg",120,8690,262805,41,6409.878048780488,"merged.csv","图中有标题文字，内容为“美国六代机 F-47来了”，字体为白色，大小适中，样式为简洁的无衬线字体。画面构图以深色背景为主，前景突出一个尖锐的机头形状，色彩风格冷峻、科技感强。吸睛元素是机头的流线型设计和白色高光，整体感觉神秘、未来感十足。",0.85,0.78,0.88,0.82
627040687,"1500左右，四款价格大跳水的影像旗舰！","https://www.bilibili.com/video/BV1kZXrYfEtV","BV1kZXrYfEtV",7089,5,8,107,1,264,28984410888,"数码","http://i2.hdslb.com/bfs/archive/e0aac2498eb8eeb9aa348a6dca2d36e90e5e8f27.jpg",118,66716,1575454,470,3352.0297872340425,"merged.csv","图中有标题文字，内容为“1500左右 四款价格大跳水的 影像旗舰！”，字体为白色加粗，大小适中，风格醒目。

构图方面，文字居中突出，背景为模糊的手机镜头特写，形成主次分明的效果。色彩风格以冷色调为主，突出科技感。吸睛元素为文字标题和手机镜头细节。整体感觉简洁明了，科技感强，吸引对手机感兴趣的观众。",0.75,0.68,0.85,0.72
3546695392562115,"［一念逍遥］周活动道具数量，修正版。","https://www.bilibili.com/video/BV1oFX4YGEh7","BV1oFX4YGEh7",516,0,0,13,1,4,29012790620,"手机游戏","http://i0.hdslb.com/bfs/archive/41ba8befdfa50f2a1d216f8a751c4d8d2598bb65.jpg",185,89,4604,72,63.94444444444444,"merged.csv","图中有标题文字，内容为“妖兽：白夜虎”，字体为白色，大小适中，样式为简洁的无衬线字体。画面构图以暗色调为主，背景为深蓝渐变色，突出中央的白色妖兽形象（白夜虎），妖兽线条流畅、细节丰富，具有神秘感。吸睛元素是妖兽形象和下方的红色信息框，整体感觉充满奇幻与紧张氛围。",0.62,0.65,0.78,0.69
1634257378,"[OOC致歉][张起灵吃播/COS]吴邪说吃播会火，我信了","https://www.bilibili.com/video/BV17cX4YkExt","BV17cX4YkExt",138,0,0,0,0,0,29012526619,"国产原创相关","http://i2.hdslb.com/bfs/archive/ef209ab82f3356efe6ab81e58806605de69df6c6.jpg",290,30,144,6,24.0,"merged.csv","图中无标题文字。画面构图以人物上半身为焦点，人物穿着深蓝色连帽衫，背景为浅色，视觉上形成对比。色彩风格简洁明快，主要以蓝色和浅色为主，营造出清新感。吸睛元素为人物的服装和模糊处理的脸部，整体感觉干净、简约且略带神秘感。",0.45,0.52,0.6,0.88
690301462,"【3169501】我的最新作品，快来一睹为快！","https://www.bilibili.com/video/BV1ZFX4YGEYC","BV1ZFX4YGEYC",14,0,0,0,0,0,29012790444,"日常","http://i2.hdslb.com/bfs/archive/9e5778b198c3f5cea78d13d7fd02c35e3ab6eb56.jpg",30,39,3,2,1.5,"merged.csv","图中无标题文字。画面构图以黑色边框为主，占据了大部分视觉空间，背景模糊，可能为室内环境的一部分。色彩风格以冷色调为主，黑色边框与浅色背景形成对比，吸睛元素为边框的质感和细节。整体感觉简洁、现代，略带神秘感。",0.3,0.25,0.4,0.35
527371042,"【S785i】最新视频已上线，快来围观！","https://www.bilibili.com/video/BV1ZFX4YGE3D","BV1ZFX4YGE3D",63,0,0,0,0,0,29012788075,"网络游戏","http://i2.hdslb.com/bfs/archive/e4342bcf3806278cefa12826ddb8bc1a731d3af1.jpg",374,347,3860,58,66.55172413793103,"merged.csv","图中无标题文字。画面构图采用对称设计，三个黑色剪影人物并排，背景为深色渐变，带有几何图案。色彩风格冷峻、神秘，主要以黑色和灰色为主。吸睛元素为人物剪影和背后的几何图案，整体感觉科技感强、未来感十足且略带悬疑氛围。",0.4,0.38,0.75,0.65
405025308,"武汉｜纯动物奶油蛋糕定制谁还没有好吃又好看的糕～","https://www.bilibili.com/video/BV1oFX4YGEoK","BV1oFX4YGEoK",447,0,0,6,0,0,29012788781,"美食制作","http://i1.hdslb.com/bfs/archive/338eef754f745ff4acd91cd004de5c91a2345de8.jpg",110,2062,9971,141,70.71631205673759,"merged.csv","图中有标题文字，内容为“欢迎收看己悦的蛋糕频道”，字体为白色，带有黑色描边，大小适中，位于图片中央偏下位置。构图上，画面分为多个区域，展示不同款式的蛋糕，色彩丰富鲜艳，主要以蛋糕的多彩装饰为主。吸睛元素包括多款精美的蛋糕和中间的文字标题。整体感觉活泼、温馨且吸引人。",0.7,0.75,0.82,0.68
595028888,"25广东省考素材系统班-民生","https://www.bilibili.com/video/BV1FXXWYgEJ2","BV1FXXWYgEJ2",36,0,0,1,0,1,29008006176,"职业职场","http://i2.hdslb.com/bfs/archive/d079a26eb5accc9b892b26018719f7b4659de68a.jpg",1785,5136,2274,202,11.257425742574258,"merged.csv","图中有标题文字，文字为“民生服务”，字体较大，使用橙色和红色渐变，粗体加粗样式。下方有较小的白色文字“25广东省考素材系统班”。构图简洁，以蓝色背景为主，文字居中突出。色彩风格明快、醒目，橙红渐变的标题吸引眼球。整体感觉专业、直观，传达信息清晰。",0.55,0.5,0.7,0.6
161181425,"零氪玩家日服第二十九天-养老式对抗","https://www.bilibili.com/video/BV1RPX4YzEuy","BV1RPX4YzEuy",259,0,0,6,0,0,29012854018,"手机游戏","http://i0.hdslb.com/bfs/archive/93c6b26fa92ea7d7d4f709969655d4b2257f0c7d.jpg",25,5210,39494,30,1316.4666666666667,"merged.csv","图中有标题文字，显示为“10.00”，字体为白色，大小适中，样式为简洁的无衬线字体。画面构图为俯视视角，色彩风格偏向冷色调，以灰蓝和白色为主，整体感觉紧张且充满科技感。吸睛元素是中心的动态效果和屏幕下方的蓝色进度条，增加了视觉冲击力。",0.65,0.7,0.8,0.75
3493082817366845,"百万级录音棚听《鸣潮》EP2.1「不羁灵魂之王（虽然是自封）（但包的）」","https://www.bilibili.com/video/BV1qFX4YVEC9","BV1qFX4YVEC9",21355,136,257,2406,32,371,29012659902,"音乐综合","http://i2.hdslb.com/bfs/archive/255c736856faed82158765b0271839cc9b9bddd5.jpg",225,1741621,22892037,2276,10058.01274165202,"merged.csv","图中有标题文字，文字为“鸣潮 不朽鸣潮之王”，字体为白色，大小适中，样式简洁明了。画面构图以中央的动漫角色为主视觉焦点，角色手持武器，姿态英勇，背景为深色调的海面与天空，营造出一种神秘与冒险的氛围。色彩风格以深蓝和黑色为主，辅以角色的亮色衣物形成对比。吸睛元素是中央的角色形象和动态姿态。整体感觉充满动感与奇幻色彩，给人以强烈的视觉冲击和探索欲望。",0.8,0.85,0.9,0.82
28475354,"孩子们，我回来了","https://www.bilibili.com/video/BV1ZFX4YGEjM","BV1ZFX4YGEjM",110,0,2,1,0,0,29012852790,"搞笑","http://i1.hdslb.com/bfs/archive/06bf9e65c070c39c50e94f3ef03d9a35a2f2906b.jpg",121,125,7780,260,29.923076923076923,"merged.csv","图中有标题文字，内容为“CCTV”和“2012”，其中“CCTV”为白色小号字体，“2012”为红色大号字体。画面构图为人物居中，背景为蓝色调舞台灯光效果，色彩风格鲜明，对比度高。吸睛元素是人物的发型和表情，整体感觉充满活力与激情。",0.5,0.55,0.65,0.58
15892313,"我让女明星穿上了我的蟑螂服吃火锅？","https://b23.tv/BV14vXWYQEBh","BV14vXWYQEBh",1477457,5735,22147,106985,5392,16648,29008462853,"日常","http://i0.hdslb.com/bfs/archive/5b676c2619e0e6d1e9b2fa23d340318ab3f7e40d.jpg",1031,2759247,25335859,184,137694.88586956522,"merged.csv","图中有标题文字，内容为“我和穿蟑螂服的陈都灵吃火锅？”，字体为白色，带有黑色描边，大小适中，采用粗体样式。画面构图以两个人物为中心，左侧人物表情夸张，右侧人物表情惊讶，形成对比。色彩风格鲜明，以黄色和红色为主，吸睛元素包括夸张的表情和标题文字的问号。整体感觉活泼、幽默且具有娱乐性。",0.85,0.88,0.95,0.82
497525820,"大众德国老板：我听不听劝？回答我！","https://b23.tv/BV1KwXNYaEB9","BV1KwXNYaEB9",2200793,3207,4091,121995,1268,13971,28975959164,"新能源车","http://i2.hdslb.com/bfs/archive/49936cc31a186e9c765d834f332c10bd02d3d928.jpg",318,1339050,3028757,64,47324.328125,"merged.csv","图中有标题文字，内容为“回答我！”，字体为粗体白色，大小适中，醒目突出。画面构图为人物特写，背景模糊，突出主体。色彩风格以冷色调为主，人物戴眼镜，表情严肃。吸睛元素为标题文字和人物表情。整体感觉紧张、直接且富有冲击力。",0.72,0.65,0.78,0.7
321422126,"游戏：回答我！为什么玩单机？！！","https://b23.tv/BV1YuXKY1EBF","BV1YuXKY1EBF",2136931,5345,18711,160146,1910,52631,28967178121,"搞笑","http://i0.hdslb.com/bfs/archive/d1202ae4391a212230842f6ac13ce138e7c8404e.jpg",384,4807252,94547915,698,135455.46561604584,"merged.csv","图中有标题文字，文字为“游戏界的MVP”，字体大小适中，样式为简洁的无衬线字体。画面构图以人物头像为中心，左侧有推荐图标和观看时长“总时数1145小时”。色彩风格以蓝色和黄色为主，对比鲜明。吸睛元素是模糊处理的人物头像和醒目的标题文字。整体感觉活泼、轻松，具有娱乐性和话题性。",0.68,0.75,0.8,0.65
654552,"重生后，才发现校花也喜欢我【超长电影版】","https://b23.tv/BV12RQqYHE3q","BV12RQqYHE3q",5089795,24332,72833,101568,4126,317691,28986310692,"同人·手书","http://i0.hdslb.com/bfs/archive/ca1a40ed9c1c61d76896dcd8a95070d718ad36e9.jpg",6786,4078787,34923855,592,58992.99831081081,"merged.csv","图中有标题文字，内容为“重生后才发现校花也喜欢我”，字体为黑色，大小适中，样式为简体字。画面构图简洁，左侧男生低头，右侧女生微笑，形成对比；色彩风格明亮活泼，以蓝色和黄色为主；吸睛元素是人物的表情和对话框文字；整体感觉轻松幽默，充满戏剧性。",0.6,0.7,0.75,0.6
86439234,"200W粉丝UP主的父母竟是这样的人？！","https://b23.tv/BV1ZbXCY4Ekg","BV1ZbXCY4Ekg",1342099,2620,5864,51701,375,5264,28988736254,"汽车生活","http://i0.hdslb.com/bfs/archive/ee79a59a5418a78610de282d9beed0dad8fd9b87.jpg",830,2224425,16867605,349,48331.24641833811,"1.csv","图中有标题文字，文字为“扫兴父母？”字体为白色，粗体，大小适中，位于图片左上角。画面构图为车内场景，三人坐在车内，表情各异；色彩风格偏向自然色调，以车内暖色为主；吸睛元素为人物表情和标题文字；整体感觉轻松幽默，带有些许调侃意味。",0.75,0.65,0.7,0.55
470346704,"加油孩子！","https://b23.tv/BV1F8XVYLEDZ","BV1F8XVYLEDZ",9416913,5366,22044,511528,28277,122776,28930805703,"搞笑","http://i0.hdslb.com/bfs/archive/728a2a70d7f2f43d186a2a953f239da71d3b9237.jpg",145,194679,4637671,122,38013.69672131148,"1.csv","图中无标题文字。画面构图为两个人物握手的场景，前景突出，背景为模糊的人群，形成对比。色彩风格以冷色调为主，人物着装以深色为主，背景较为单一。吸睛元素为前景中的人物互动，整体感觉正式、庄重且略显紧张。",0.5,0.6,0.55,0.45
3546567908788671,"《师父》里最硬的女子，第一人称自述：他犯的事，我担着！","https://b23.tv/BV1SgQDYfEBx","BV1SgQDYfEBx",6432299,4664,102690,563875,17477,109484,28882964229,"影视杂谈","http://i2.hdslb.com/bfs/archive/d26fa7ae9d6cdfc5c35f015b7c0d27e0f067df70.jpg",656,46076,205964,8,25745.5,"1.csv","图中有标题文字，上方为中文“独白”，下方为英文“The Master”。中文标题为大号加粗字体，英文标题为较小的斜体。画面构图为两人并肩站立，背景模糊，突出人物主体。色彩风格偏冷调，以灰蓝和白色为主，营造出一种冷静、严肃的氛围。吸睛元素是人物表情和文字标题。整体感觉沉稳、内敛，带有一种神秘感。",0.65,0.7,0.75,0.6
98627270,"【独家】《凡人修仙传之外海风云》第11集【总第135集】","https://b23.tv/BV1dqX1YfEi8","BV1dqX1YfEi8",5821403,82560,87410,82875,1213,10527,28998632408,"国产动画","http://i2.hdslb.com/bfs/archive/846dbbd9b17292a5fc948327444b083be1357878.jpg",1232,6131538,215664091,9614,22432.2957145829,"1.csv","图中有标题文字，内容为“凡人修仙传之仙界篇”，字体为红色，大小适中，采用古风书法样式。画面构图以人物为主，居中偏右位置，背景为模糊的自然景观，营造出仙侠氛围。色彩风格以冷色调为主，人物服饰细节丰富，吸睛元素为人物面部表情和眼神。整体感觉神秘、古典且充满仙侠气息。",0.7,0.75,0.8,0.65
5970160,"小羊村","https://b23.tv/BV1aHXkYVEHC","BV1aHXkYVEHC",6351206,35653,165082,432841,9341,128560,28992540243,"搞笑","http://i2.hdslb.com/bfs/archive/a70fa359df821e07862c2d926958ab052924ad9b.jpg",2297,13674894,153543048,339,452929.34513274336,"1.csv","图中有标题文字，文字为“哈哈”，字体为白色，大小适中，粗体风格。画面构图简单，主体为一个戴着橙色帽子的人物，表情夸张，背景为纯绿色。色彩风格鲜明对比强烈，吸睛元素为人物的夸张表情和鲜艳的帽子。整体感觉幽默、搞笑且具有强烈的视觉冲击力。",0.55,0.65,0.7,0.5
20457232,"内娱“黑社会”驾到，通通闪开！全网闹事，刷新下限【 内娱315事件】","https://b23.tv/BV1xXXnYkEDd","BV1xXXnYkEDd",6952700,67676,421470,549702,35959,91252,29000008677,"娱乐杂谈","http://i2.hdslb.com/bfs/archive/dd16e7144289e2a56b893e158c255c1bffb6c153.jpg",785,2275529,25279670,306,82613.30065359476,"1.csv","图中有标题文字，文字为“内娱‘黑社会’”，字体为粗体白色，背景为紫色渐变，大小适中且醒目。画面构图采用四人并排站立的形式，色彩风格偏向冷色调，人物表情各异，吸睛元素包括人物的妆容、服饰和背景的紫色渐变。整体感觉犀利、直接且具有争议性。",0.78,0.8,0.85,0.75
417296980,"别再用说话的方式讨论CODM","https://b23.tv/BV1uAXrYqEiw","BV1uAXrYqEiw",1850731,2643,12012,98498,8347,18869,28999156957,"电子竞技","http://i2.hdslb.com/bfs/archive/a3c29b14d1fba05e8e6a73c6b0a9ce5260f701df.jpg",285,1477130,8178965,1226,6671.260195758565,"1.csv","图中有标题文字，内容为“别再用说话的方式讨论CODMW”，字体为白色，大小适中，样式为简洁现代的无衬线字体。画面构图为两人站在高科技背景前，左侧人物戴黄色帽子，右侧人物戴墨镜，整体色彩以蓝灰为主，科技感强烈。吸睛元素包括人物表情和背景的屏幕元素。整体感觉充满未来感和紧张感。",0.75,0.68,0.85,0.72
346563107,"甚至还没说一句谢谢：懂王称愿自掏腰包付宇航员加班工资","https://b23.tv/BV1fXXWYuEPG","BV1fXXWYuEPG",1140165,3133,3185,63358,725,3600,29008728035,"社科·法律·心理","http://i1.hdslb.com/bfs/archive/4ffbc782b24d61794f129c739e2c7bfc4e88f1f5.jpg",457,4909127,119332335,1511,78975.73461283918,"1.csv","图中有标题文字，内容为“懂王：愿自掏腰包付‘悬天二老’加班工资”，字体为白色加粗，背景为红色，大小适中，突出醒目。画面构图为人物头像居中，背景为美国国旗，色彩风格以红色和蓝色为主，吸睛元素为人物表情夸张、标题文字醒目。整体感觉幽默诙谐，带有讽刺意味。",0.82,0.79,0.78,0.81
3546630773016865,"【时代少年团】《非去不可》EP02：海会再相遇","https://b23.tv/BV1uuXpYDEe5","BV1uuXpYDEe5",2013777,418738,25691,71395,2139,24198,29004728990,"明星综合","http://i0.hdslb.com/bfs/archive/f042b0c101fb374bcf6fc4e666d6fd6a498dbd39.jpg",4146,2996813,12359078,1021,12104.875612144957,"1.csv","图中有标题文字，内容为“非去不可”，字体较大，采用粗体黑体字，醒目突出。画面构图中，四个人物站成一排，手持不同物品（如篮球、书本），背景是雪地和热气球，营造出冒险和探索的氛围。色彩风格以冷色调为主，雪地的白色与人物的暖色服装形成对比。吸睛元素包括人物的表情和动作、标题文字以及背景中的热气球。整体感觉活泼、充满冒险精神且略带幽默感。",0.88,0.85,0.9,0.87
63231,"新番时光机！十年前的观众都在看什么神片？「2015年1月篇」泛式","https://b23.tv/BV1e6XpYbEKz","BV1e6XpYbEKz",2216458,17925,82751,207050,8335,42903,29002435676,"动漫杂谈","http://i1.hdslb.com/bfs/archive/71cf6581c2177e5ff4f64049064ac9313c8f4882.jpg",712,6283741,63625680,618,102954.17475728157,"1.csv","图中有标题文字，文字为“尽全力！”（日文：がんばれ！），字体较大，粗体，颜色为黄色，带有黑色描边，醒目突出。

画面构图以一个惊讶的动漫角色为主，表情夸张，眼睛睁大、张嘴大喊，营造紧张或兴奋的氛围。色彩风格鲜艳，以黄色和粉色为主调，吸睛元素是角色的表情和大号文字。整体感觉活泼、充满动感，传达出一种积极或紧张的情绪。",0.7,0.65,0.8,0.75
1712395,"求求你，别再刀了！B站陈奕迅《跳楼机》真.粤语版","https://b23.tv/BV1daXrY2EPt","BV1daXrY2EPt",3796719,2212,176796,236557,79926,140592,28986835693,"翻唱","http://i1.hdslb.com/bfs/archive/2527dbe79bcb80c87b311e821288d7613d0ccd8e.jpg",206,349948,4363248,345,12647.095652173914,"1.csv","图中有标题文字，文字为“跳楼机”和“真·粤语版”，字体较大，采用粗体黑色字，背景为白色。画面构图以人物演唱为主，人物居中偏下，背景简洁。色彩风格以黑白为主，突出人物面部表情和眼神。吸睛元素为人物的演唱状态和标题文字。整体感觉简洁、专注，传达出音乐的现场感和真实感。",0.65,0.72,0.68,0.6
568588287,"自己用菠萝制作菠萝啤太好喝了","https://b23.tv/BV1tHXKYqEob","BV1tHXKYqEob",3576191,2617,4222,173344,1861,14162,28965798348,"三农","http://i2.hdslb.com/bfs/archive/531447963d7e97b9fe137843599968f9e90f4569.jpg",210,578846,6708617,117,57338.60683760684,"1.csv","图中无标题文字。画面展示了一个切开的菠萝，内部装有白色颗粒状物体，可能是糖或果冻，上方有液体从瓶中倒入。构图以菠萝为中心，背景为木质桌面，色彩以黄色、白色和木质棕色为主，风格自然质朴。吸睛元素是流动的液体与菠萝内部的对比，整体感觉清新、生活化且富有动感。",0.55,0.6,0.7,0.5
647409444,"《无期迷途》限时活动——「恒沙的箴言」","https://b23.tv/BV1seXkYNEMs","BV1seXkYNEMs",608544,926,3252,21197,2088,2904,28991031921,"手机游戏","http://i2.hdslb.com/bfs/archive/19b1b082f86e60890c140a90d9ca7e3cc9d4002e.jpg",136,1551592,11667438,342,34115.31578947369,"1.csv","图中有标题文字，文字为“铭沙”，字体较大，采用金色与白色渐变设计，具有古典与神秘感。画面构图以女性角色为主体，居中偏右站立，背景为室内场景，带有复古氛围。色彩风格偏暖色调，金色与白色为主，营造出梦幻与高贵的感觉。吸睛元素为女性角色的长发和服饰细节，整体感觉优雅、神秘且富有故事性。",0.78,0.75,0.82,0.8
23947287,"谁是德国最强刺客？【硬核狠人79】","https://b23.tv/BV1mzXAYtEjS","BV1mzXAYtEjS",3812393,30539,292355,327733,20887,90732,28965604215,"人文历史","http://i2.hdslb.com/bfs/archive/784658c260c7efa567573c3593f0d1c9cf4a0cfb.jpg",2308,9640569,72415974,204,354980.26470588235,"1.csv","图中有标题文字，内容为“德国工人绝命刺杀”，字体为红色，大小适中，采用粗体样式。画面构图为人物特写，背景为室内环境，色彩风格偏暖色调，主要以红色和棕色为主。吸睛元素为标题文字和人物表情，整体感觉紧张且充满戏剧性。",0.72,0.68,0.75,0.7
1986039004,"为了这碗汤，燃尽了！","https://b23.tv/BV1RgXMYXE2X","BV1RgXMYXE2X",5322617,2228,11276,263889,5607,14987,28914813399,"美食制作","http://i1.hdslb.com/bfs/archive/053976d9a5d4d871306da736a4830caa165774ac.jpg",121,2669476,43774996,274,159762.75912408758,"1.csv","图中无标题文字。画面构图以一碗热气腾腾的面条为主，筷子夹起一块牛肉，背景虚化突出食物主体。色彩风格以暖色调为主，面条的棕色、牛肉的深色和汤汁的红棕色形成对比，视觉上温暖而诱人。吸睛元素为食物的细节和热气，整体感觉舒适、家常且令人垂涎。",0.6,0.65,0.75,0.55
3546772968311318,"用白砂糖做了一只牛蛙，外面抓的哪有自己做的香","https://b23.tv/BV1nqX6YsEtd","BV1nqX6YsEtd",3273529,2890,34688,241015,17207,51929,28988277862,"手工","http://i0.hdslb.com/bfs/archive/264856bf301e18e44ce9e9a3a9f3c0d20b6c6e29.jpg",119,78280,508442,48,10592.541666666666,"1.csv","图中有标题文字，内容为“牛蛙”，字体为白色，大小适中，样式为粗体。画面构图简单，青蛙位于中央偏左，背景为浅色，色彩风格以绿色和白色为主，整体感觉清新自然。吸睛元素为青蛙本身和大号标题文字。",0.5,0.55,0.65,0.45
703186600,"doge两月树敌无数，马斯克能走到对岸吗？","https://b23.tv/BV1xoXpYmE3g","BV1xoXpYmE3g",1614973,10464,16266,92985,1812,8840,29003157281,"社科·法律·心理","http://i2.hdslb.com/bfs/archive/4af8aed7a9993812bf3efccecaedf6eb007e8e2f.jpg",1689,2380467,26443973,353,74912.10481586402,"1.csv","图中有标题文字，内容为“DOGE两月树敌无数，马斯克能走到对岸吗？”，字体为白色，大小适中，样式为简洁的无衬线字体。画面构图以人物为主，背景较暗，人物穿着黑色西装，戴着黑色帽子，手势生动。色彩风格以黑色和暗色调为主，突显人物和标题。吸睛元素为人物表情和手势，以及标题文字。整体感觉紧张且引人深思。",0.85,0.75,0.9,0.8
23423168,"小学生逆天作业合集！语文老师都看哭了！","https://b23.tv/BV1kXXNY4EYF","BV1kXXNY4EYF",2893641,4798,69910,199312,3167,50093,28966456719,"搞笑","http://i1.hdslb.com/bfs/archive/db1943ac4904750a4fb96ab85b0260c498a72186.jpg",356,1808346,18946267,458,41367.39519650655,"1.csv","图中有标题文字，文字为“小学生作业”，字体较大，颜色为黄色，粗体样式。画面构图以人物为中心，人物表情专注，背景模糊突出主体。色彩风格以黄色和白色为主，简洁明快。吸睛元素为人物表情和标题文字。整体感觉活泼、有趣，吸引观众注意力。",0.7,0.8,0.75,0.65
652096797,"上大学时，我就欠了一屁股.……..债！","https://b23.tv/BV159X6YCENK","BV159X6YCENK",1878429,299,7995,167062,492,8219,25774135794,"绘画","http://i2.hdslb.com/bfs/archive/40588aab2eca5b772d1e1a40983a34627e0a279a.jpg",203,1669008,20488588,203,100929.00492610838,"1.csv","图中无标题文字。画面构图以密集的人群为背景，中间突出一个戴红色帽子的卡通形象，形成视觉焦点。色彩风格以灰、黑为主，点缀红色，简约而鲜明。吸睛元素是中央的卡通形象，整体感觉幽默、轻松且略带夸张。",0.6,0.7,0.65,0.75
7584632,"【纪录片】你好，12315 第二集 有坑，别踩！","https://b23.tv/BV1FHXrYsE5A","BV1FHXrYsE5A",5153575,2985,2580,12413,2192,5879,28984935540,"社会·美食·旅行","http://i0.hdslb.com/bfs/archive/752aa6647a699d128a178c67deeeb8a101f0f0f8.png",2175,8999959,94847472,17565,5399.799146029035,"1.csv","图中有标题文字，内容为“哇！有坑，别踩！”，字体为白色，大小适中，粗体样式。画面构图为两人对话场景，一人穿着警服，另一人穿着红色上衣，背景为室内办公环境。色彩风格以冷色调为主，突显严肃氛围。吸睛元素为标题文字和人物表情动作。整体感觉紧张且具有警示意味。",0.75,0.65,0.7,0.6
2051039345,"2分钟记录 用麻辣烫收养的30多只流浪狗前后变化","https://b23.tv/BV1AEXCYNEAK","BV1AEXCYNEAK",2552644,1315,569420,556467,2491,38728,28989130288,"汪星人","http://i2.hdslb.com/bfs/archive/1cb37f5dc8c92ce28d326e5d2da815eb9b6c6f64.jpg",108,311299,7374884,70,105355.4857142857,"1.csv","图中无标题文字。画面构图以三只狗为主，前景为一只穿红色衣服的小狗，中景为一只白色小狗，背景为一只黑白相间的狗。色彩风格以暖色调为主，地面为浅色瓷砖，狗狗颜色对比鲜明。吸睛元素是前景小狗的红色衣服和三只狗的互动姿态。整体感觉温馨、可爱，充满生活气息。",0.65,0.8,0.85,0.7
3493089977043464,"【轰】领了个结婚证，但破口大骂！！","https://b23.tv/BV1rBX6Y9E5K","BV1rBX6Y9E5K",2015478,53747,152032,241974,1112,51789,28988280781,"配音","http://i2.hdslb.com/bfs/archive/cd81afffbf55124da3113da4e35962eb258bbc61.jpg",187,2752980,21160695,183,115632.2131147541,"1.csv","图中无标题文字。画面构图以中心人物为主，四周火焰环绕，形成强烈的视觉冲击；色彩风格以橙红为主，充满热烈与动感；吸睛元素为人物夸张的表情和手中持有的红色物品（类似证件），整体感觉活泼、紧张且充满戏剧性。",0.8,0.75,0.8,0.85
402576555,"【花小烙】不小心食物中毒，身体里会发生什么？","https://b23.tv/BV1XTXsYfE8A","BV1XTXsYfE8A",1507879,2315,14002,92892,2531,19547,29009513227,"科学科普","http://i1.hdslb.com/bfs/archive/01b89fe5387299ae56fffae930a2e95a86b8f7a9.jpg",329,5110268,37122160,272,136478.5294117647,"1.csv","图中有标题文字，分别是“食物”和“中毒”，字体为白色，大小适中，采用简洁的黑体或类似字体。画面构图以一个卡通人物为中心，人物表情痛苦地趴在马桶上，周围有呕吐物和污渍，突出“中毒”主题。色彩风格偏向冷色调，背景为深紫色，人物和文字对比鲜明。吸睛元素是夸张的表情和动作，整体感觉幽默且略带夸张，传达了食物中毒的不适感。",0.7,0.65,0.75,0.7
3546559413225949,"压倒大学生的最后一棵稻草出现了....","https://b23.tv/BV1NNXNY8ErC","BV1NNXNY8ErC",1859964,699,1442,94573,517,5745,28969468400,"搞笑","http://i0.hdslb.com/bfs/archive/1869100ffd6bf4704c3a4944195822299ce793df.jpg",243,642196,2880539,71,40570.97183098592,"1.csv","图中有标题文字，内容为“结课论文.docx”，字体为标准的系统默认样式，大小适中，清晰可辨。画面构图简洁，主要由聊天界面组成，左侧有头像和文件信息，右侧有绿色气泡和表情符号。色彩风格以白色为主，点缀绿色和灰色，整体感觉清新、简洁且现代。吸睛元素为绿色气泡中的“重写”文字和表情符号，突出互动感。",0.55,0.6,0.65,0.5
6336952,"我教美国人打MG42机枪？价值40W元！盟军最怕的武器？","https://b23.tv/BV11zXGYJESy","BV11zXGYJESy",2667136,8844,47693,142985,3188,60613,28922741570,"出行","http://i2.hdslb.com/bfs/archive/b354ae7f463df5fe4f268b16cefda3126604c5f8.jpg",983,2281702,19175832,545,35185.0128440367,"1.csv","图中有标题文字，内容为“世界最强机枪”，字体较大，为粗体黑体字，醒目突出。画面构图中，两人手持机枪，前景突出，背景模糊，形成对比。色彩风格以冷色调为主，突显军事氛围。吸睛元素包括人物表情、机枪细节和标题文字。整体感觉紧张、刺激且充满力量感。",0.75,0.7,0.8,0.75
3546870544599475,"青春期时，那是真的忍不住亲上去的","https://www.bilibili.com/video/BV1J3XWYMEqb","BV1J3XWYMEqb",450,0,0,2,0,1,29011543932,"影视剪辑","http://i0.hdslb.com/bfs/archive/b4f33ce2af96f2a0838c1d97cc960562dfcf19ed.jpg",228,1239,380,16,23.75,"1.csv","图中有标题文字，内容为“想给女孩打针”，字体为简体中文，大小适中，黑色，无特殊样式。画面构图为两人亲吻的场景，色彩风格偏向柔和的暖色调，背景为室内走廊。吸睛元素为人物表情和动作的亲密感。整体感觉温馨、浪漫且略带戏剧性。",0.6,0.75,0.7,0.65
249508512,"【老爹鸡翅店to go!】第41天，巴伐利亚节第6天，解锁纳什维尔辣酱与巴伐利亚白香肠","https://www.bilibili.com/video/BV1rkXkYfESF","BV1rkXkYfESF",707,0,0,39,0,5,28992144654,"手机游戏","http://i1.hdslb.com/bfs/archive/59307e62e33918d7112acc1faa353735a4036c9f.jpg",634,24835,1326649,2001,662.9930034982509,"1.csv","图中有标题文字，内容为“NOW AVAILABLE! 巴伐利亚香肠 新食材：巴伐利亚香肠”，字体大小适中，采用白色和黄色，风格简洁明快。画面构图以白色背景为主，中央突出展示一根香肠，色彩对比鲜明，吸睛元素为香肠和标题文字。整体感觉活泼、清新，传达出新品发布的宣传氛围。",0.75,0.68,0.82,0.7
3537110323694168,"每日一遍，烦恼再见！盘点倒霉人类的搞笑瞬间~","https://www.bilibili.com/video/BV1GAXCYLEwA","BV1GAXCYLEwA",6084,3,3,98,9,29,28990244291,"搞笑","http://i2.hdslb.com/bfs/archive/4678e2b0851b04a7e889c460f233bcb1fd86bd6b.jpg",188,4000,27440,328,83.65853658536585,"1.csv","图中有标题文字，内容为“倒霉人类的搞笑瞬间”，字体为白色，加粗且带有黑色描边，大小适中，清晰易读。画面构图中，三个人物分布在前景和中景，左侧人物坐在地上，中间人物跳起，右侧人物站立，形成动态对比。色彩风格以自然色调为主，背景为户外公园场景，绿色植被和灰色地面构成柔和背景。吸睛元素是中间跳起的人物动作和标题文字。整体感觉轻松幽默、生活化。",0.72,0.8,0.75,0.65
3494367102765688,"2024年原创计算机毕设程序定制+基于SSM的垃圾分类管理系统小程序/编号39351","https://www.bilibili.com/video/BV1AHXCYAEHY","BV1AHXCYAEHY",1,0,0,0,0,0,28988608102,"校园学习","http://i1.hdslb.com/bfs/archive/ef04485a23038e97b2dfa8de4036d0ffbe83c674.jpg",174,396,600,831,0.7220216606498195,"1.csv","图中有标题文字，文字为“最新原创毕设 可代做 SSM/小程序 项目 分类管理系统”。文字大小适中，样式为白色简体字，背景为浅色。

画面构图简洁，顶部和底部有绿色植物装饰，中间以白色背景突出标题。色彩风格清新自然，以绿色和白色为主，给人一种轻松愉悦的感觉。吸睛元素是标题文字和绿色植物边框，整体感觉清新、专业且吸引人。",0.45,0.3,0.6,0.5
1840058744,"白敬亭 ：轻舟已过万重山，妾身从此分明了","https://www.bilibili.com/video/BV1GdX6YGE1f","BV1GdX6YGE1f",620,0,0,6,0,1,28985920784,"娱乐杂谈","http://i0.hdslb.com/bfs/archive/f91e5119b37cbfad2e8312ce6df3eadb4ddc624f.jpg",31,5713,2814322,1063,2647.5277516462843,"1.csv","图中无标题文字。画面构图简洁，人物位于前景中央偏右，背景为粉色天空与绿色山峦，形成鲜明对比。色彩风格梦幻且柔和，粉色与绿色的搭配营造出宁静而浪漫的氛围。吸睛元素为前景中的人物和背景的山峦轮廓。整体感觉清新、宁静，带有一丝梦幻色彩。",0.65,0.7,0.78,0.6
24524504,"从网红到厄瓜多尔第一夫人","https://www.bilibili.com/video/BV1nJXrYdEK8","BV1nJXrYdEK8",92135,6,26,3065,32,602,28984674887,"娱乐杂谈","http://i2.hdslb.com/bfs/archive/f201ed54c4da74d823e0ef18bcbc3c2d8efe931a.jpg",102,12044,315270,89,3542.3595505617977,"1.csv","图中无标题文字。画面构图以中央人物为主，两侧有模糊的人物，形成对称感。色彩风格偏冷调，以白色和浅色调为主，背景略显模糊，突出主体。吸睛元素为中央人物的服装和发型，整体感觉庄重、正式且略带神秘感。",0.8,0.75,0.85,0.7
374344240,"拳法妙招，让命中率提升的狡猾组合技","https://www.bilibili.com/video/BV1NXXrYPE8j","BV1NXXrYPE8j",1316,0,4,94,2,51,28984673423,"运动综合","http://i1.hdslb.com/bfs/archive/c34f3d663d5c9390726f9bf7af22f998ddec2f34.jpg",80,19467,124061,1625,76.34523076923077,"1.csv","图中有标题文字，内容为“拳法妙招”，字体较大，为白色粗体字，带有黑色描边，风格醒目。画面构图以一位拳击手为主，占据中心位置，背景为深色渐变，突出人物和文字。色彩风格对比强烈，以黑、白、灰为主，营造出力量感和紧张氛围。吸睛元素是拳击手的动态姿势和标题文字的视觉冲击力。整体感觉充满动感和力量，传达出激烈与专业的氛围。",0.78,0.82,0.88,0.75
85728072,"机构：中国经济迈入第四次工业革命（字幕纯享版）","https://www.bilibili.com/video/BV1n5XqYCEhe","BV1n5XqYCEhe",2600,0,4,49,5,41,28978906900,"财经商业","http://i0.hdslb.com/bfs/archive/0352ebb023b21460bb9135936fd7a00fa290742b.jpg",238,23804,25389,1677,15.13953488372093,"1.csv","图中有标题文字，内容为“中国经济迈入第四次工业革命”，字体较大且醒目，采用白色和红色的对比色，样式为粗体加粗。画面构图为人物特写镜头，背景为新闻演播室风格，色彩风格以冷色调为主，吸睛元素为人物表情和标题文字的强烈对比。整体感觉正式、专业且具有新闻报道的紧张感。",0.85,0.7,0.8,0.65
3546811805469560,"玩具枪神-全自动PK强威力谁与争锋🍫","https://www.bilibili.com/video/BV1JYXiYrESi","BV1JYXiYrESi",48,0,0,0,0,0,28977006350,"日常","http://i1.hdslb.com/bfs/archive/bc7c69f16a676729876b9ff2a2a81b3f5385b724.jpg",431,715,383,554,0.6913357400722022,"1.csv","图中有标题文字，内容为“US ARMY – MORNING REPORT”，字体为白色，大小适中，采用简洁的无衬线字体，背景为深色，突出显示。

画面构图为两人对话场景，一人身穿军装，另一人着便装，背景为户外仓库或训练场地。色彩风格以冷色调为主，整体偏灰暗，符合军事氛围。吸睛元素是人物表情和动作细节。整体感觉严肃、专业且具有纪实感。",0.7,0.65,0.75,0.6
1244713056,"【金玟庭WINTER】2025首尔安可《aenergy》高清饭拍 250315（@daftTaengk）","https://www.bilibili.com/video/BV1MRXeYUEHp","BV1MRXeYUEHp",8932,4,66,789,11,525,28973269702,"音乐现场","http://i0.hdslb.com/bfs/archive/3340624fa81f7c98ac07724fcf5e4c79a8fa4288.jpg",169,124482,2212115,816,2710.92524509804,"1.csv","图中无标题文字。画面构图为人物居中，穿着黑色短裤和红色鞋子，戴着帽子，背景为纯红色，人物双手抬起，姿态醒目。色彩风格强烈对比，红色背景突出人物形象。吸睛元素为人物动作和鲜艳的红色背景。整体感觉充满活力、动感且具有视觉冲击力。",0.82,0.78,0.9,0.8
646209912,"初中地理八下复习第六章黄土高原","https://www.bilibili.com/video/BV1GyXeYxEgK","BV1GyXeYxEgK",73,0,0,4,0,1,28972418832,"校园学习","http://i0.hdslb.com/bfs/archive/8c127385770f2e8ee97a83e01c559b4e9b80d3b8.jpg",1902,5582,8223,94,87.47872340425532,"1.csv","图中有标题文字，内容为“八卡复习 第六章 黄土高原”。文字为白色，字体较大且醒目，采用简洁的无衬线字体。画面构图以绿色植物为主，背景模糊，突出前景的绿叶，色彩风格清新自然。吸睛元素为白色文字与绿色背景的对比。整体感觉简洁明快，具有教育和自然结合的氛围。",0.5,0.4,0.65,0.55
521499672,"小兰看到真圆用专属电话表示羡慕，新一就寄了一只专属电话给她…宠死了","https://www.bilibili.com/video/BV1c5XNYWEQ2","BV1c5XNYWEQ2",879,0,0,23,0,2,28970519255,"综合","http://i0.hdslb.com/bfs/archive/ec9f57188b9cb6c1cf5d6e24e1d89eb24b7e96cf.jpg",36,948,28587,367,77.89373297002724,"1.csv","图中有标题文字，内容为“私立探偵事務所”，字体为白色，样式为粗体日文，大小适中。画面构图为近景特写，色彩风格偏向经典动画的饱和度高、对比度强，吸睛元素是人物表情生动、手势有力，整体感觉活泼且充满侦探气息。",0.75,0.85,0.9,0.8
331293296,"【斗地主至尊】星张郃一局","https://www.bilibili.com/video/BV13uXwYcEkA","BV13uXwYcEkA",337,1,0,4,0,0,28961278897,"桌游棋牌","http://i2.hdslb.com/bfs/archive/c6c0c66824d084d3d0e5bedfc04fc02bed781ed5.jpg",47,367,8552,160,53.45,"1.csv","图中有标题文字，内容为“星张郃”，字体为金色，大小适中，风格古朴，带有金属质感。画面构图以人物为主，人物头戴金色盔甲，手持长枪，背景为浅色调。色彩风格偏冷色调，以金色和深色为主，吸睛元素是人物的盔甲和武器。整体感觉古典、庄重且充满历史感。",0.6,0.65,0.7,0.65
3461572087253048,"爆料！娱乐圈徐凯的故事！真的太精彩了","https://www.bilibili.com/video/BV1GiQdY7EbM","BV1GiQdY7EbM",4704,2,2,39,2,14,28944305294,"娱乐杂谈","http://i2.hdslb.com/bfs/archive/af236c78013f4e90b416289390c20c4df0715727.jpg",397,3142,138617,620,223.5758064516129,"1.csv","图中无标题文字。画面分为左右两部分，左侧为人物侧面肖像，右侧为人物正面直播场景。构图对称，左侧偏冷色调，右侧偏暖色调，形成对比。吸睛元素包括左侧人物的精致妆容和右侧直播设备。整体感觉现代、时尚且具有视觉冲击力。",0.85,0.8,0.75,0.7
3546567967508576,"跳出强迫思维循环怪圈：这些方法帮你停止反复推理！","https://www.bilibili.com/video/BV1HqQaY8EN5","BV1HqQaY8EN5",67,0,0,2,0,9,28898299877,"社科·法律·心理","http://i2.hdslb.com/bfs/archive/171e95a012d57e97317bbde0164aa1f0d5ccdaef.jpg",188,60,181,75,2.4133333333333336,"1.csv","图中有标题文字，文字为“跳出强迫思维怪圈：这些方法帮你停止反复推理！”，字体较大，为白色加粗无衬线字体，背景为深色，具有较强的对比度。画面构图为一人坐在森林中，背景为树林，色彩风格以暖色调为主，营造出宁静与沉思的氛围。吸睛元素是标题文字和人物形象的结合，整体感觉专业且引人深思。",0.7,0.75,0.8,0.75
1527924248,"妻子娘家拆迁分50万，婆婆夜奔借钱给小儿子买房，儿媳1招婆婆哑口无言","https://www.bilibili.com/video/BV1M9QtYwEqP","BV1M9QtYwEqP",249,0,0,0,0,0,28890825077,"社科·法律·心理","http://i0.hdslb.com/bfs/archive/f8a25b0080945591418ce0966a3c940db5ae8081.jpg",676,57496,202776,2992,67.77272727272727,"1.csv","图中有标题文字，内容为“婆婆夜奔借錢給小兒子買房 兒媳1招逼婆婆啞口無言”，字体为白色简体字，大小适中，粗体样式。画面构图为两人对话场景，左侧为一位年长女性（婆婆），右侧为年轻女性（儿媳），背景为室内环境，色彩以暖色调为主，吸睛元素是人物表情和标题文字。整体感觉戏剧化且充满冲突感。",0.8,0.85,0.75,0.8
519583232,"【Nuit Eternelle】流星尾迹 完美通关","https://www.bilibili.com/video/BV1i6QDYuEi7","BV1i6QDYuEi7",15,0,0,5,0,0,28881256735,"单机游戏","http://i0.hdslb.com/bfs/archive/896996523618affeec687c4f4d9f0f57b967b805.jpg",131,445,22544,807,27.93556381660471,"1.csv","图中有标题文字，文字为“当前周榜”，字体大小适中，样式为简洁的白色无衬线字体。画面构图以中心的金色奖杯为主视觉焦点，四周有白色云雾状背景，整体色彩风格明亮且富有层次感。吸睛元素是金色奖杯和顶部的皇冠图案，整体感觉简洁、现代且具有竞技感。",0.65,0.7,0.85,0.6
244362864,"【4K赏析】全新奥迪 A5 Avant 柴油版｜长途驾旅首选 (中字)","https://www.bilibili.com/video/BV1z8QUYMEnU","BV1z8QUYMEnU",2347,0,6,46,6,37,28877653766,"汽车生活","http://i2.hdslb.com/bfs/archive/837c381261c083c790085df9e2bbd200cc25a176.jpg",1238,377,2566,36,71.27777777777777,"1.csv","图中无标题文字。画面构图为一辆白色奥迪汽车停在户外，背景是木质纹理的墙面，车头朝向右侧，占据画面中心偏左位置。色彩风格以白色和棕色为主，简洁明亮。吸睛元素为汽车本身，设计现代且精致。整体感觉干净、专业，传达出高端和科技感。",0.75,0.7,0.9,0.65
3493275908443016,"独立，是一个人最大的底气  | 思维空间 0505 | 2025","https://www.bilibili.com/video/BV1j3QmYaEMf","BV1j3QmYaEMf",165,0,0,6,1,8,28873788486,"人文历史","http://i0.hdslb.com/bfs/archive/6329b69b0c6ee3e890adf6afde4c986c18ee74ea.jpg",87,40383,72560,637,113.90894819466249,"1.csv","图中有标题文字，内容为“独立是一个人最大的底气”，字体为白色，大小适中，采用简洁的无衬线字体。画面构图以一个人背影为主体，位于河流旁，背景是宁静的水面和朦胧的天空。色彩风格以冷色调为主，河水深蓝，天空灰暗，营造出一种孤独而沉思的氛围。吸睛元素是人物背影和标题文字，整体感觉深沉、内省且富有哲理。",0.7,0.8,0.75,0.7
1095603016,"【清华社】2025新高考数学真题全刷：艺考1500题--第10章","https://www.bilibili.com/video/BV1uJQ3YnEhH","BV1uJQ3YnEhH",443,0,2,4,0,0,28857076355,"校园学习","http://i0.hdslb.com/bfs/archive/ddbf66bb52c7ad94143f574095e627df6fc2dc0d.jpg",23653,236709,82859,536,154.58768656716418,"1.csv","图中有标题文字，内容为“2025新高考数学真题全刷艺考1500题 第10章”，字体为白色，大小适中，采用粗体样式。构图简洁明了，以白色背景为主，突出蓝色和红色的书籍封面及文字信息。色彩风格鲜明，以蓝色和红色为主，吸睛元素为书籍封面和标题文字。整体感觉专业、清晰，具有教育类书籍的实用性和吸引力。",0.6,0.65,0.8,0.6
1796371760,"警察被叫去调查有气味的废弃房屋，没想到发现了。。。。","https://www.bilibili.com/video/BV1PdRgYmE5f","BV1PdRgYmE5f",76753,60,27,831,7,83,28789049007,"科学科普","http://i1.hdslb.com/bfs/archive/5f2d35fd075c1aa8451060246102e096736ab5c4.jpg",1094,6150,62647,290,216.0241379310345,"1.csv","图中无标题文字。画面分为左右两部分，左侧是一个洗手池，内有杂物和水渍，右侧是大量类似粪便的物质堆积。构图以对比为主，左侧干净整洁，右侧脏乱不堪。色彩风格偏向冷色调，以蓝色和灰色为主，突显出左侧的清洁与右侧的污秽。吸睛元素为黄色箭头指向洗手池，强调对比焦点。整体感觉突兀、冲击力强，可能用于展示环境污染或卫生问题。",0.85,0.75,0.7,0.8
3546642017945984,"一把可以弯曲的软剑","https://www.bilibili.com/video/BV1MxRaYmEQh","BV1MxRaYmEQh",406,0,0,5,0,0,28783608275,"手工","http://i0.hdslb.com/bfs/archive/8c7b90f08646d3c581a2058c833b1082f5c398a8.jpg",20,17373,176240,265,665.0566037735849,"1.csv","图中无标题文字。画面构图为一人手持平板电脑，背景为城市街道和卷帘门，人物位于画面中央偏下位置，突出手持设备的主体。色彩风格以冷色调为主，街道灰色、卷帘门深色，人物着装偏暗，平板屏幕亮色形成对比。吸睛元素为平板屏幕的亮度和人物的手势。整体感觉现代、简洁，科技感较强。",0.75,0.68,0.85,0.72
94831136,"【比赛】蓝白掘密师vs黑绿狼奔 | 2012年1月GP奥兰多四强【MTG/万智牌】","https://www.bilibili.com/video/BV1qsRhYbELj","BV1qsRhYbELj",169,0,0,0,0,1,28778563432,"桌游棋牌","http://i2.hdslb.com/bfs/archive/6665fc3421c3ab6e722adf75a5660bd2672aad67.jpg",1497,1815,2298,442,5.199095022624435,"1.csv","图中有标题文字，内容为“蓝白掘密师 黑绿狼奔”，字体为白色简体中文字体，大小适中，位于图片下方。画面构图为左右对比，左侧为“Deceiver of Secrets”，右侧为“Grave Titan”，中间用红色“VS”字样连接。色彩风格以卡牌的深色调为主，吸睛元素是卡牌上的角色形象和红色“VS”字样。整体感觉是对决主题，简洁明了。",0.65,0.67,0.71,0.64
212649464,"一口气看完《抗争》在地球遭受外星种族沃坦人入侵后的未来世界。在末日背景下人类与外星人之间的抗争与合作。","https://www.bilibili.com/video/BV1WYR8YNEF3","BV1WYR8YNEF3",1714,0,2,20,0,15,28763882593,"影视剪辑","http://i2.hdslb.com/bfs/archive/1d6a90acfef96aea745ecd46225b37391e8072bb.jpg",3559,52536,219635,6191,35.47649814246487,"1.csv","图中有标题文字，文字为“抗争 第1-3季”，字体为白色，大小适中，样式简洁。画面构图以人物为主，五人站成一排，背景为战争场景，色彩风格偏冷色调，突出紧张与对抗氛围。吸睛元素包括前景人物的坚毅表情和背景的爆炸烟雾。整体感觉紧张、严肃且充满冲突感。",0.82,0.79,0.88,0.81
1405388032,"碓冰极致疯子跑法（）","https://www.bilibili.com/video/BV1B3XWYME16","BV1B3XWYME16",742,0,1,18,0,3,29011608940,"赛车","http://i2.hdslb.com/bfs/archive/04dec20c66bcfd811849836ca41e055c110e42ce.jpg",96,151,1121,22,50.95454545454545,"1.csv","图中有标题文字，内容为“FM LEGENDS”，字体为红色，样式为粗体，大小适中，醒目易读。画面构图简洁，以赛车赛道为主视觉元素，背景为绿色植被和蓝天，色彩风格明快、卡通化。吸睛元素包括赛道中央的拱门和前景中的赛车尾部。整体感觉充满动感与活力，具有游戏封面的典型风格。",0.7,0.65,0.75,0.68
686110076,"我的五宝已经吃的像模像样了","https://www.bilibili.com/video/BV1J3XWYMEHC","BV1J3XWYMEHC",633,0,1,79,2,17,29011546099,"野生动物","http://i0.hdslb.com/bfs/archive/858e1ad39d790e72c7f147e7d027283add5089c7.jpg",31,266,130047,2085,62.3726618705036,"1.csv","图中无标题文字。画面构图为一只熊猫占据中心位置，背景为模糊的竹子和玻璃窗，构图简洁自然。色彩风格以黑白灰为主，突出了熊猫的黑白毛色，竹子的绿色点缀其中。吸睛元素是熊猫专注吃竹子的表情和动作，整体感觉温馨、可爱且富有生活气息。",0.6,0.72,0.8,0.65
15540497,"【中英/全熟】最爱时刻：心理治疗师玩极乐迪斯科 Part28","https://www.bilibili.com/video/BV1HMXWYgEu8","BV1HMXWYgEu8",2796,81,276,307,12,104,25774788708,"单机游戏","http://i2.hdslb.com/bfs/archive/5f1705f2f7f516318c3ab9e87e10a3b444a8c75f.jpg",3215,4870,29704,50,594.08,"1.csv","图中有标题文字，内容为“心理治疗师玩极乐迪斯科 28”，字体为白色，大小适中，样式为简洁的无衬线字体。画面构图以人物和背景为主，左侧为模糊的秋千场景，右侧为人物特写，色彩风格偏冷调，以灰蓝色为主，吸睛元素为人物面部特写和数字“28”，整体感觉沉稳且具有悬疑感。",0.78,0.75,0.82,0.77
627040687,"三月份1000-2000元历代旗舰大推荐！高性价比二手旗舰史诗级盘点！拍照游戏全覆盖 #千元机 #高性价比手机 #二手手机 #拍照手机","https://www.bilibili.com/video/BV1pFXkYbEcb","BV1pFXkYbEcb",17834,1,33,219,7,646,28984280788,"数码","http://i2.hdslb.com/bfs/archive/da17a3e7fe53b7b7cb503270b4e199b42f93ee20.jpg",384,66704,1575219,469,3358.675906183369,"1.csv","图中有标题文字，内容为“三月份 1000-2000元 历代旗舰大推荐!”，字体为白色，大小适中，采用简洁的无衬线字体。

画面构图以手机产品图片为主，排列整齐，背景为浅色渐变。色彩风格偏向科技感和清新感，主要以蓝色和白色为主。吸睛元素是中间的手机图片和标题文字。整体感觉简洁明了，突出推荐主题，具有较强的视觉引导性。",0.85,0.8,0.88,0.83
3546577006234573,"P l e a s e l e t m e g o","https://www.bilibili.com/video/BV1CAXWYCErA","BV1CAXWYCErA",108,0,0,1,0,0,29011609624,"电子竞技","http://i2.hdslb.com/bfs/archive/e328d7ca91cf0ea955c562e3bcda512e80e885e1.jpg",19,57,2011,7,287.2857142857143,"1.csv","图中有标题文字，文字为“男（白狼）：阴b”，字体颜色为浅蓝色，大小适中，样式简洁。画面构图为浅绿色渐变背景，色彩风格简约冷淡，吸睛元素为标题文字，整体感觉神秘且略带悬疑感。",0.55,0.6,0.65,0.58
502294730,"爱华德·格拉赫｜克莱斯勒《斯拉夫幻想曲》","https://www.bilibili.com/video/BV1E3XWYMECX","BV1E3XWYMECX",390,0,0,18,0,5,29011608061,"演奏","http://i0.hdslb.com/bfs/archive/a771cb9bd98eb859d042dc596ab27d7be325cb56.jpg",71,3102,25210,321,78.53582554517133,"1.csv","图中有标题文字，内容为“DVORAK-KREISLER EDUARD GRACH”，字体为绿色，大小适中，样式简洁。画面构图以演奏者为中心，色彩风格庄重典雅，主要以暖色调为主。吸睛元素为演奏者专注的表情和手中的小提琴，整体感觉正式且充满艺术氛围。",0.72,0.7,0.78,0.75
1518564966,"《观假01》！帝骑的内核到底讲了什么故事？原来是烧脑作！","https://www.bilibili.com/video/BV1JGXWYqEJM","BV1JGXWYqEJM",355,0,2,6,0,11,29011348030,"影视杂谈","http://i2.hdslb.com/bfs/archive/884cbab007cdeecd00c901860c145460dbed44de.jpg",1840,1057,45928,1059,43.36921624173749,"1.csv","图中有标题文字，内容为“平成クウガ 10年早えよ”，字体为黑色，大小适中，采用简洁的无衬线字体。画面构图以多个假面骑士角色为主体，排列整齐，色彩风格以红、绿、蓝为主色调，鲜艳且对比强烈。吸睛元素是中间的绿色假面骑士（Kamen Rider Kuuga），整体感觉充满动感和科幻感，具有强烈的视觉冲击力。",0.8,0.78,0.85,0.82
3537125014244102,"这次拿榜一的别骄傲，我让的","https://www.bilibili.com/video/BV1E3XWYME7i","BV1E3XWYME7i",3584,0,2,52,2,7,29011545744,"单机游戏","http://i1.hdslb.com/bfs/archive/cee7416c4d721074f1dce2d5372bf62f56f0a2cf.jpg",69,275,11025,382,28.861256544502616,"1.csv","图中有标题文字，内容为“第20关：勇闯糖果城堡”，字体为白色，带黑色描边，大小适中，位于画面中央偏上位置。画面构图以城堡为核心，两侧是绿色植物和黄色建筑，整体色彩鲜艳，以黄色和绿色为主。吸睛元素包括中央的城堡、角色和飘动的旗帜。整体感觉活泼、童趣，充满冒险氛围。",0.75,0.68,0.85,0.72
3537125081352230,"路易基的疯狂 ---- No jokes！","https://www.bilibili.com/video/BV1EGXWYqE6k","BV1EGXWYqE6k",441,0,2,24,0,3,29011543097,"日常","http://i2.hdslb.com/bfs/archive/4a00de1adb60bc8c67c98150b97b442ad9b860ef.jpg",152,548,10255,289,35.484429065743946,"1.csv","图中无标题文字。画面构图紧凑，两个卡通角色占据主要位置，左侧角色张大嘴巴，表情夸张，右侧角色手持武器，姿态紧张。色彩风格鲜艳且对比强烈，以红色、蓝色和黑色为主。吸睛元素包括角色的夸张表情和动作细节。整体感觉充满动感和戏剧性，具有典型的卡通或游戏风格。",0.82,0.79,0.88,0.81
1915937284,"和你同一天生日的是谁，咱们一起玩个游戏吧，大家把生日写下来，如果与你同一天生日的，男生做兄弟，女生做闺蜜，永不绝交的那种如何。","https://www.bilibili.com/video/BV1WAXWYCEG6","BV1WAXWYCEG6",403,1,0,4,0,0,29011610979,"综合","http://i0.hdslb.com/bfs/archive/8eb3c5a5c3b9e0d3f6da11b919b3b594ff34bba0.jpg",13,641,5173,113,45.7787610619469,"1.csv","图中有标题文字，文字为“男生做兄弟”，字体为白色，大小适中，样式简洁。画面构图以中心人物为主，周围人物呈对称分布，形成聚焦效果。色彩风格以冷色调为主，黑色和灰色占主导，背景有粉色和蓝色元素点缀，增加视觉对比。吸睛元素为中间人物的白色服装和面具设计。整体感觉现代、神秘且略带科技感。",0.65,0.73,0.7,0.78
3546608690006910,"【源轩｜轩源】你在看风景，我在看你","https://www.bilibili.com/video/BV1pAXWYCETd","BV1pAXWYCETd",2602,1,6,319,0,50,29011608494,"娱乐粉丝创作","http://i1.hdslb.com/bfs/archive/e2bcc8f9bebaf16df1b22a044142bbbda00defcd.jpg",136,2422,203565,353,576.671388101983,"1.csv","图中有标题文字，内容为“[准备ドロ]”，字体为白色，样式为粗体，大小适中，位于画面左下角。构图上，两人并排站立，前景为操作手机的动作，背景模糊，突出主体。色彩风格以橙色和白色为主，明亮且对比鲜明。吸睛元素是人物的面部表情和手机操作动作。整体感觉活泼、轻松，带有娱乐氛围。",0.78,0.75,0.8,0.77
480427905,"【叶罗丽】“跪求官方加强灵犀阁加强毒娘娘，刚出场的小毒仙力强大，毒无人能解，现在伤疤却在众人面前显露，强行加强十阶”","https://www.bilibili.com/video/BV1HAXWYCE9y","BV1HAXWYCE9y",362,1,0,7,0,6,29011609867,"国产原创相关","http://i1.hdslb.com/bfs/archive/180b53bd1c987d95c1d7805096fefde959be70ed.jpg",31,3687,240538,2274,105.77748460861918,"1.csv","图中有标题文字，文字为“【NTR】恶魔女仆的日常”，字体为白色，大小适中，风格简洁现代。画面构图以女性角色为主体，居中偏上位置，背景为深紫色调，营造神秘氛围。色彩风格偏向暗黑系，使用冷色调突出角色的诡异与魅惑。吸睛元素为角色面部的黑色面具和复杂的发饰。整体感觉神秘、诡异且充满戏剧张力。",0.7,0.72,0.75,0.69
3546654594567086,"21做为人 却觊觎妖怪拥有的力量 最终被自己所铸造的刀算计丢了命#犬夜叉  #动漫剪辑 #动漫","https://www.bilibili.com/video/BV1F3XWYuE7G","BV1F3XWYuE7G",18695,0,6,404,2,14,29011609984,"动漫杂谈","http://i0.hdslb.com/bfs/archive/88186ce33716064b9afd6f1461de657b48393ac8.jpg",141,1497,28563,303,94.26732673267328,"1.csv","图中无标题文字。画面构图以对称的两个角色为主体，位于画面中央偏下，背景为沙漠和天空，色彩风格偏向暖色调，以沙黄色和蓝色为主。吸睛元素为角色的动态姿势和面部表情，整体感觉活泼且充满动感。",0.68,0.65,0.72,0.67
